Country Name,Country Code,2018,2019,2020,2021,2022,Population_2018,Population_2019,Population_2020,Population_2021,Population_2022,gdp_per_capita_2018,gdp_per_capita_2019,gdp_per_capita_2020,gdp_per_capita_2021,gdp_per_capita_2022,gdp_per_capita_norm_2018,gdp_per_capita_norm_2019,gdp_per_capita_norm_2020,gdp_per_capita_norm_2021,gdp_per_capita_norm_2022
Aruba,ABW,3276184357.5419,3395798882.68156,2481857122.8401,2929446578.25104,3279343543.60416,108908.0,109203.0,108587.0,107700.0,107310.0,30082.127644818564,31096.205073867568,22855.932320076066,27200.061079396844,30559.53353465809,0.1597578158786525,0.16049920503175583,0.1292084830306935,0.12152467284081354,0.1351880685731499
Africa Eastern and Southern,AFE,1012306000425.25,1009721174054.91,933391782089.617,1085745178850.97,1191423176242.96,657801085.0,675950189.0,694446100.0,713090928.0,731821393.0,1538.9241877356435,1493.7804449003713,1344.0809619200352,1522.5900880497109,1628.0245257095949,0.008172798478162917,0.007709962464197028,0.0075983188840465146,0.006802641427193797,0.007201991187816768
Afghanistan,AFG,18053222687.4126,18799444490.1128,19955929052.1496,14259995441.0759,14497243872.1337,36743039.0,37856121.0,39068979.0,40000412.0,40578842.0,491.3372213826026,496.60250425850023,510.7870633668108,356.4962141158921,357.2611527981429,0.0026093553712278976,0.0025631522226244197,0.002887566373801228,0.0015927569303231534,0.001580437907150087
Africa Western and Central,AFW,770494988148.76,826483769985.129,789801651563.294,849312422223.205,883973910898.854,452195915.0,463365429.0,474569351.0,485920997.0,497387180.0,1703.8963922280457,1783.6543649119085,1664.24917643553,1747.840549115446,1777.2350121666868,0.009048919987305313,0.009206110743730612,0.009408284399032563,0.0078090174242311855,0.007862062698794433
Angola,AGO,79450688259.3664,70897962732.0277,48501561203.5686,66505129987.7235,104399746853.401,31297155.0,32375632.0,33451132.0,34532429.0,35635029.0,2538.5913914337066,2189.8557140761823,1449.9228666930794,1925.874660821673,2929.694454672704,0.013481753049261235,0.011302668618520317,0.00819666122096321,0.008604439799072553,0.012960267681687366
Albania,ALB,15379509891.7196,15585105131.0644,15241458744.8688,18032010563.7558,19017242585.7803,2866376.0,2854191.0,2837849.0,2811666.0,2777689.0,5365.489346728971,5460.428237305912,5370.7786231292785,6413.283286050263,6846.426142660427,0.02849462209835552,0.02818332298551277,0.030361927436172123,0.028653323641359935,0.030286952050668448
Andorra,AND,3218419896.9641,3155149347.80639,2891001149.3611,3324647529.381,3380612573.32922,75162.0,76474.0,77380.0,78364.0,79705.0,42819.77457976238,41257.80458464824,37361.09006669812,42425.69967562912,42414.05900921171,0.2274039171713096,0.21294704036912843,0.21120861333890706,0.1895499152767993,0.1876296544677311
Arab World,ARB,2867348492603.59,2899029698316.63,2562783626987.73,2969239218342.03,3609805711776.49,435998060.0,444281315.0,453723239.0,460646603.0,471352066.0,6576.5166308391135,6525.211843123832,5648.341117893963,6445.807260934104,7658.406469733158,0.03492605128990796,0.03367907148146798,0.03193103555184756,0.02879863454326212,0.033878958846579287
United Arab Emirates,ARE,427049432149.345,417989721734.494,349473015336.939,415178792769.884,502731935197.487,9346701.0,9445785.0,9401038.0,9575152.0,10074977.0,45689.85700402152,44251.45413901481,37173.87541002802,43360.02110148058,49899.0652978649,0.2426461269280495,0.22839839118438546,0.21015025695900966,0.1937242847855048,0.22074153237886845
Argentina,ARG,524819892360.176,447754683615.225,385740508436.965,486564085480.036,632790070063.124,44654882.0,44973465.0,45191965.0,45312281.0,45407904.0,11752.799892297913,9955.974786804285,8535.599380043886,10738.01792233845,13935.681111004904,0.06241585247630517,0.051386528832135445,0.04825319887233232,0.04797541120080121,0.061648120757847126
Armenia,ARM,12457940694.7395,13619290539.2116,12641698583.2152,13878908628.9378,19513506553.1251,2969000.0,2962500.0,2961500.0,2962300.0,2969200.0,4196.005623017682,4597.2288739954765,4268.680933045822,4685.1799712850825,6571.974455450996,0.02228381920529852,0.023728026550911156,0.024131581253258642,0.020932488406874467,0.029072843416830613
American Samoa,ASM,639000000.0,647000000.0,721000000.0,750000000.0,871000000.0,50908.0,50209.0,49761.0,49225.0,48342.0,12552.054686886147,12886.135951721802,14489.258656377484,15236.160487557136,18017.458938397252,0.06666047246534211,0.06651019220093035,0.08191025003978697,0.06807225223486775,0.0797049297796231
Antigua and Barbuda,ATG,1661529629.62963,1725351851.85185,1410796296.2963,1601366666.66667,1867733333.33333,90926.0,91364.0,91846.0,92349.0,92840.0,18273.42706849119,18884.372968038286,15360.454416047514,17340.379069255436,20117.765331035436,0.0970450904121083,0.09746934848459804,0.08683526823433518,0.07747349857692622,0.08899618300868757
Australia,AUS,1427809041019.44,1392723834562.64,1328414058378.38,1556735770437.26,1690858246994.43,24963258.0,25334826.0,25649248.0,25685412.0,26014399.0,57196.42207837775,54972.70178854356,51791.54017998422,60607.77886051662,64997.01365364735,0.30375429474946236,0.2837347809660447,0.29278640865596944,0.27078396905555707,0.2875312454914914
Austria,AUT,452582294972.775,442983642371.842,434397601557.696,480467037338.783,471773629830.381,8840521.0,8879920.0,8916864.0,8955797.0,9041851.0,51194.0749841299,49885.99473552036,48716.40989003488,53648.71907422455,52176.664914117806,0.27187749822613594,0.2574803735134215,0.2754021727244917,0.23969222035175017,0.2308170884325948
Azerbaijan,AZE,47112470051.7701,48174235294.1176,42693000000.0,54825411764.7059,78807470588.2353,9939771.0,10024283.0,10093121.0,10137750.0,10141756.0,4739.794312340808,4805.753717659169,4229.910649045028,5408.045351750231,7770.594223350996,0.025171729739138077,0.024804301664157032,0.023912406226300253,0.02416211273060504,0.034375250640822655
Burundi,BDI,2667182199.51333,2576518879.82353,2649680261.44299,2775798697.46022,3338722827.65691,11859446.0,12255336.0,12617036.0,12965481.0,13321097.0,224.89939239264044,210.2364945215317,210.0081399025088,214.09145541613302,250.63422536874478,0.0011943781419088842,0.001085109586819823,0.0011872118275860603,0.0009565196931548991,0.001108745878188918
Belgium,BEL,542638913427.921,536726344405.489,529694473501.791,598494036474.409,593438820508.173,11427054.0,11488980.0,11538604.0,11586195.0,11680210.0,47487.21003925605,46716.62274679641,45906.287580524564,51655.788330371535,50807.204708491794,0.25219136916165175,0.24112205315144292,0.25951607209828326,0.23078818679336274,0.22475892396564032
Benin,BEN,14262408079.7014,14391686309.033,15651545208.8783,17690083519.9323,17401746309.2655,12383347.0,12726755.0,13070169.0,13413417.0,13759501.0,1151.7409695215197,1130.821353049776,1197.5013642806225,1318.8349784348238,1264.7076597665496,0.006116576058755349,0.005836594136367718,0.006769679422351832,0.005892302550993658,0.0055947642538327486
Burkina Faso,BFA,15890066221.2882,16032813503.3707,17725010532.5268,19697516284.3787,18820218690.5948,20438288.0,20961952.0,21478690.0,21995243.0,22509038.0,777.4656185140458,764.8530777749468,825.2370387824769,895.5352884429919,836.1183045936837,0.004128903733175379,0.003947694281580793,0.004665205708023839,0.004001080461832973,0.0036987874362834705
Bangladesh,BGD,321362752441.78,351231654603.692,373979442362.193,416271647911.014,460131688909.301,163523103.0,164913055.0,166298024.0,167658854.0,169384897.0,1965.2437273146659,2129.7989695460556,2248.850788282325,2482.8491784335706,2716.485926778354,0.010436863018865991,0.010992693181614641,0.012713137002996316,0.011092895462310966,0.012017084139416578
Bulgaria,BGR,66289266348.6504,68631726289.2794,70716821234.5967,84417951260.8091,90642851835.8996,7025037.0,6975761.0,6934015.0,6877743.0,6643324.0,9436.144798760548,9838.600589853839,10198.538831340384,12274.077595049583,13644.20158280698,0.05011274139794258,0.050780716474742076,0.05765407917180632,0.0548382321571697,0.060358685027390016
Bahrain,BHR,39567978723.4043,40446808510.6383,35837632978.7234,40840212765.9574,46680398936.1702,1503091.0,1483756.0,1472204.0,1504365.0,1524693.0,26324.406654955885,27259.743859932696,24342.844455471793,27147.80838822852,30616.261067749507,0.1398016044992612,0.14069778638568536,0.13761425089541787,0.12129121780625508,0.1354390176141374
"Bahamas, The",BHS,12615800000.0,13016200000.0,9958200000.0,11368900000.0,13136400000.0,392717.0,394675.0,395863.0,396373.0,397538.0,32124.405105966893,32979.540127953376,25155.672543278863,28682.327000073165,33044.38820942904,0.1706037836394287,0.1702198052873553,0.1422093066874776,0.12814715359728954,0.14618047144429555
Bosnia and Herzegovina,BIH,20484053868.9246,20482608755.379,20226036564.4129,23672712242.2149,24534663636.1778,3387000.0,3345533.0,3299349.0,3244907.0,3204802.0,6047.8458426113375,6122.375345088212,6130.311332451613,7295.343824095698,7655.594210243815,0.03211842772540045,0.03159988086837199,0.03465569536518938,0.032594201494496745,0.03386651808310168
Belarus,BLR,60031173807.7196,64410122847.3508,61371755326.2351,69673747131.87,73775179924.603,9438785.0,9419758.0,9379952.0,9302585.0,9228071.0,6360.05310087258,6837.768321367789,6542.864539843605,7489.7189471388865,7994.648060748882,0.033776473667834636,0.03529229297156671,0.03698792899933189,0.03346263238394459,0.03536641123886879
Belize,BLZ,2293250000.0,2388300000.0,2042850000.0,2420550000.0,2846700000.0,380226.0,385829.0,390812.0,395346.0,402733.0,6031.281395801444,6190.047922784446,5227.193637861683,6122.611585800792,7068.454782697221,0.032030458553976425,0.03194916448342709,0.029550217028886987,0.027354658054772097,0.031269153659880054
Bermuda,BMU,7225977000.0,7423465000.0,6887147000.0,7286607000.0,7827980000.0,63831.0,64107.0,64382.0,64648.0,64749.0,113204.82210837994,115798.04077557832,106973.17573234755,112712.02512065339,120897.31115538464,0.6011993347179766,0.5976772228175818,0.6047376045654312,0.5035757801436781,0.53482079404935
Bolivia,BOL,40287647930.4761,40895322843.7851,36629843805.0216,40406111695.179,44008282877.9606,11508368.0,11671386.0,11816299.0,11937360.0,12077154.0,3500.726421893712,3503.8960106181994,3099.942190445722,3384.8448647924665,3643.928269686766,0.01859138468374792,0.018084924603573724,0.017524501836160663,0.015122839746944188,0.016119867282639318
Brazil,BRA,1916933898038.36,1873288205186.45,1476107231194.11,1670647399034.67,1951923942083.32,206107261.0,207455459.0,208660842.0,209550294.0,210306415.0,9300.661649364989,9029.833267421754,7074.1937828186765,7972.5366504838685,9281.333344412342,0.049393228061274594,0.046606364266887065,0.03999162381751935,0.03561976957821345,0.04105839924525264
Barbados,BRB,5629916200.0,5788288000.0,5168344450.0,5275242050.0,6257303500.0,280711.0,281207.0,281698.0,282147.0,282318.0,20055.915870771005,20583.726578641355,18347.110913105524,18696.785895295714,22164.026027387557,0.10651139283734343,0.10624035134239834,0.10371934672715012,0.08353366496009841,0.0980483510014765
Brunei Darussalam,BRN,13566908401.1864,13469235348.2211,12005799664.2691,14006496614.3195,16681536442.5498,437810.0,442680.0,447404.0,451721.0,455370.0,30988.119049785066,30426.573028420302,26834.359246383807,31006.963622057643,36632.92804214112,0.16456928432833215,0.15704298229644867,0.1516992088868058,0.13853318560419642,0.16205531352694608
Bhutan,BTN,2583335721.20625,2735683570.28851,2457604334.15915,2768802959.60794,2898227743.13545,759759.0,764824.0,770006.0,775442.0,780914.0,3400.2041715942164,3576.87987077878,3191.6690703178288,3570.612579158648,3711.3276790215696,0.0180575389616412,0.018461621744208612,0.018043049530275208,0.01595281437997308,0.016418026152132847
Botswana,BWA,17031943186.1353,16725908148.5481,14960291105.9316,18750946600.1423,20321958850.0363,2299141.0,2332083.0,2365894.0,2401441.0,2439892.0,7407.959401417877,7172.089564800266,6323.314191562091,7808.206239562954,8329.040322291437,0.039341612669876964,0.03701785059728593,0.0357467734405452,0.034885572718630395,0.036845682639804186
Central African Republic,CAF,2220979146.11241,2221301351.43918,2326720900.38047,2516498412.46384,2382618615.01694,4878657.0,4944703.0,5026628.0,5112100.0,5098039.0,455.2439628595349,449.2284676024384,462.8790712940106,492.263142830508,467.3598250262385,0.002417674110591334,0.002318637009131923,0.0026167343248571662,0.002199337612126961,0.002067488104892939
Canada,CAN,1725329192783.02,1743725183672.52,1655684730000.19,2007472181464.15,2161483369422.01,37072620.0,37618495.0,38028638.0,38239864.0,38939056.0,46539.17615704043,46352.869344521096,43537.83929890389,52496.844169324184,55509.393176403915,0.24715662480480385,0.23924458508888993,0.24612683007046818,0.2345458634901624,0.24556028130059582
Central Europe and the Baltics,CEB,1657633874968.79,1685123570509.08,1678756939339.66,1926804401016.02,1955925827813.51,102439383.0,102282674.0,102046650.0,100647592.0,100289401.0,16181.607370368387,16475.161477583977,16450.877508861486,19144.06855373172,19502.81693090888,0.08593601760549777,0.08503450223719403,0.09299961592801358,0.08553203836724409,0.08627579834080727
Switzerland,CHE,725568717468.001,721369112726.724,741999406005.627,813408787222.499,818426550206.45,8514329.0,8575280.0,8638167.0,8704546.0,8777088.0,85217.36915122742,84121.93103044145,85897.78433383227,93446.43445189434,93245.79521208514,0.45256575370159674,0.43418491176173624,0.48559482300021084,0.41750080419888547,0.41249709989823297
Channel Islands,CHI,10026153344.8196,10032440928.3488,9439810775.67214,11157002972.5829,11308300346.3725,164949.0,165639.0,166235.0,166741.0,167215.0,60783.353308110985,60568.108527271965,56785.94023925251,66912.17500544497,67627.30823414466,0.3228034891992377,0.31261477874268473,0.3210206038867468,0.2989508057672448,0.2991670397261311
Chile,CHL,295857562991.709,278285058719.466,254042159309.311,315515014838.539,302116539409.03,18893191.0,19197744.0,19370624.0,19456334.0,19553036.0,15659.480867562763,14495.716721686986,13114.815470545038,16216.570646789833,15451.131957667854,0.08316314892129241,0.07481784367802047,0.07414028832628934,0.07245253739315406,0.06835211290961088
China,CHN,13894907857880.6,14279968506271.7,14687744162801.0,17820459508852.2,17881782683707.3,1402760000.0,1407745000.0,1411100000.0,1412360000.0,1412175000.0,9905.406383045281,10143.860220616447,10408.719554107434,12617.50510411807,12662.582671203852,0.052604859198459857,0.052356276191733365,0.05884226663975622,0.0563726006117941,0.056016237699651736
Cote d'Ivoire,CIV,58522477786.6889,60382894697.3557,63027852805.4204,72794636653.7793,70173140101.4315,27464173.0,28193009.0,28915449.0,29639736.0,30395002.0,2130.8661938114396,2141.768361701147,2179.7293483293447,2455.98127641148,2308.7065466036656,0.011316437888714578,0.01105447171443053,0.012322381715653391,0.010972854812636585,0.010213165674913448
Cameroon,CMR,39955552189.795,39667757527.6578,40773241177.0505,45011937346.8384,44347206072.5513,24806383.0,25506095.0,26210558.0,26915758.0,27632771.0,1610.696415910171,1555.2266047647747,1555.6037066074862,1672.3265734087222,1604.877269548946,0.008553960826427927,0.008027109195994817,0.008794093030767617,0.0074716354174084185,0.007099593261828233
"Congo, Dem. Rep.",COD,47568210009.8172,51775829877.2088,48716961860.1325,55328482783.5393,65801547619.5815,90047644.0,92947442.0,95989998.0,99148932.0,102396968.0,528.2560197778989,557.0441613359171,507.5212300778723,558.0340772963575,642.6122658200338,0.002805420844592537,0.0028751143378948694,0.0028691040612958555,0.0024931895733437404,0.0028427629943729746
"Congo, Rep.",COG,14773900288.5135,13976637779.9763,11468687464.0046,14825690210.9157,15817030154.6941,5483118.0,5616661.0,5752791.0,5892183.0,6035104.0,2694.4341319142686,2488.4246672491536,1993.5866719309984,2516.1625514543084,2620.838042674012,0.014309390513395413,0.012843695233105393,0.011270085423037157,0.011241733244172995,0.011593960772677036
Colombia,COL,334198218098.276,323031701192.84,270348342541.465,318524633225.395,345329875078.512,49024465.0,49907985.0,50629997.0,51188173.0,51737944.0,6816.9681830954405,6472.54544924705,5339.687113579426,6222.621643976139,6674.596019480636,0.03620302262872611,0.03340724042269302,0.03018616183064738,0.027801483874944823,0.029526816675924668
Comoros,COM,1188797449.38584,1195019531.9011,1225039196.61091,1296089479.91978,1242519407.77603,771590.0,786578.0,802163.0,818174.0,834188.0,1540.7113225752537,1519.2638643606863,1527.1699101191527,1584.1245015360792,1489.4956625796945,0.008182289454400629,0.007841491972545573,0.008633351930399815,0.00707756542260521,0.006589172624113027
Cabo Verde,CPV,2205099509.15987,2252177133.74705,1821565617.6945,2051842609.64558,2247003347.63376,513415.0,514104.0,514679.0,516649.0,519741.0,4294.96510456428,4380.78119164031,3539.2266202710816,3971.4440744985086,4323.31362665974,0.02280936549707125,0.02261085868858044,0.02000785162919807,0.017743652870860428,0.01912530563862383
Costa Rica,CRI,62420164991.5374,64417670521.3545,62395610760.0492,64960725734.1965,69243626028.5936,4957818.0,4999553.0,5034320.0,5059988.0,5081765.0,12590.249378161401,12884.68599519887,12394.049396949182,12838.11853589307,13625.90084913285,0.06686331385104259,0.06650270843020306,0.07006567479991363,0.05735825924845995,0.06027772695791977
Caribbean small states,CSS,36727457619.9835,38046955433.6011,31763210392.7783,37091445807.6818,48740490013.1088,3048465.0,3079149.0,3092577.0,3111609.0,3131505.0,12047.852811163486,12356.321643935093,10270.790474344956,11920.34275761569,15564.557621050837,0.06398279649180616,0.06377562137429021,0.05806253003079386,0.05325781252994637,0.06885388092063052
Curacao,CUW,3046364804.46927,3026124134.07821,2534327597.76536,2739608156.42458,3075180834.72417,159336.0,157441.0,154947.0,152369.0,149996.0,19119.12439416874,19220.686695830245,16356.093359441356,17980.088839754677,20501.752278221888,0.10153635377086657,0.09920519007117279,0.09246378496778745,0.08033159953287879,0.0906948494391998
Cayman Islands,CYM,5530178440.71376,5941896607.58643,5655358021.43209,6060026520.10608,6600843963.37585,65941.0,67327.0,68684.0,70108.0,71591.0,83865.55315681838,88254.29036770434,82338.79828536617,86438.445257404,92202.14780315751,0.4453866348145783,0.4555135718654611,0.4654752679538483,0.38619044825349064,0.40788025333137395
Cyprus,CYP,25754001367.5448,26196667099.5303,25555093854.2968,30372874319.6285,30976176886.8521,1270737.0,1286671.0,1302247.0,1317309.0,1331370.0,20266.980002584958,20360.03539329813,19623.845441223362,23056.7576169513,23266.39242798929,0.10763229575707854,0.10508579703794498,0.11093694473631614,0.10301318508039452,0.10292495634586991
Czechia,CZE,251992360762.236,256794209028.77,251109660602.536,290972714482.313,301831228325.556,10629928.0,10671870.0,10697858.0,10505772.0,10672118.0,23705.93298112988,24062.71900133435,23472.891545441715,27696.461952754446,28282.223671585718,0.1258956188587061,0.1241967391661644,0.13269625874182764,0.12374249704189119,0.12511379431820477
Germany,DEU,4052008447223.53,3957208055215.68,3940142541354.1,4348297440387.53,4163596357879.39,82905782.0,83092962.0,83160871.0,83196078.0,83797985.0,48874.85950284541,47623.86560748286,47379.76519454805,52265.65416205713,49686.11545825822,0.2595607896403393,0.24580467463419353,0.26784589232269956,0.23351295073620995,0.21979949321172146
Djibouti,DJI,2913466732.12507,3088853638.56832,3185150981.03207,3385825228.86997,3674298479.07676,1071882.0,1088709.0,1105188.0,1121248.0,1137096.0,2718.0853229413965,2837.171033369174,2881.9992445014514,3019.6934388020936,3231.3001532647727,0.014434995412956881,0.014643706340152524,0.01629243319689695,0.013491412984654704,0.014294499168469565
Dominica,DMA,554770370.37037,611537037.037037,504214814.814815,555266666.666667,607159259.259259,68174.0,67880.0,67573.0,67202.0,66826.0,8137.56520624241,9009.090115454288,7461.779332200953,8262.650913167272,9085.674127723625,0.043216346239502997,0.04649930106117683,0.04218271102319476,0.03691594464032608,0.04019284965914116
Denmark,DNK,355293374912.393,345401473012.615,355631021931.621,408378204639.999,401945576107.963,5793636.0,5814422.0,5831404.0,5856733.0,5903037.0,61324.76650455655,59404.26632477226,60985.488560151374,69727.98736770125,68091.31911386682,0.3256787841508872,0.3066077515880887,0.34476136669434476,0.31153131707953413,0.3012197128978412
Dominican Republic,DOM,85555390139.118,88941372558.2397,78844656298.1776,94243425938.3647,113537368176.13,10782053.0,10894043.0,11008300.0,11123476.0,11230734.0,7934.981412085249,8164.220809321177,7162.291752421136,8472.479820009923,10109.523400352105,0.04214048003518772,0.042138612942868435,0.04048965666304101,0.03785342008136153,0.04472211400539478
Algeria,DZA,194554483655.528,193459662090.677,164873415325.201,186231205262.082,225638456572.143,42505035.0,43294546.0,44042091.0,44761099.0,45477389.0,4577.210291804912,4468.453418836567,3743.541952292887,4160.55926736924,4961.552576647331,0.02430829121097737,0.023063368013590903,0.021162881043039195,0.01858858339788234,0.02194872212955696
East Asia & Pacific (excluding high income),EAP,16648930593614.8,17222812070662.6,17496305186280.5,20849863760041.9,21124945071215.4,2100698838.0,2112289891.0,2121866294.0,2128553744.0,2133560408.0,7925.424764582462,8153.6214058710375,8245.715215777163,9795.319389427594,9901.264099204918,0.0420897273374333,0.042083905436807255,0.04661443425774586,0.04376361437927558,0.04380082465873142
Early-demographic dividend,EAR,11610507701898.7,11834959859719.9,11006437195990.5,12811302058068.8,14147623772391.9,3314245247.0,3355014793.0,3396051187.0,3432026092.0,3470644834.0,3503.2132013792097,3527.5432717652106,3240.9515021807883,3732.86849069468,4076.367490500729,0.01860459127817055,0.018206977008561984,0.01832165152173645,0.016677742772903792,0.018032874985155992
East Asia & Pacific,EAS,26494505143186.8,27040135154758.5,27163485040463.8,31155716955057.3,30673443320595.9,2347576325.0,2359771090.0,2369438682.0,2375144416.0,2379648296.0,11285.897229853346,11458.795842252013,11464.101285598832,13117.398986427484,12889.906198388864,0.059936262253805744,0.05914315328619284,0.0648085195422699,0.058606030909080876,0.05702186262342633
Europe & Central Asia (excluding high income),ECA,1468176944855.79,1498314054530.37,1437142037120.74,1670340541088.59,1817978495944.86,246654915.5,248858341.0,250655325.5,252183790.0,250834021.5,5952.352264618826,6020.750795451016,5733.5388117286975,6623.504790250754,7247.73491679182,0.031611287883742706,0.031075358361855997,0.032412672643869836,0.02959255313233411,0.03206224610136962
Europe & Central Asia,ECS,23306311175509.3,23031892537932.9,22286624242751.4,25523993209132.2,25662572829777.2,919738352.5,922811778.0,925088545.5,925075848.0,925385334.5,25340.15365582931,24958.38597536073,24091.341689573863,27591.243749704077,27731.769537544144,0.13457451048287242,0.12881961314589768,0.13619246287099537,0.12327240222610125,0.12267871686079558
Ecuador,ECU,107478962000.0,107595829000.0,95865472000.0,107435101000.0,116586079000.0,17049547.0,17340021.0,17546065.0,17682454.0,17823897.0,6303.918925235961,6205.057594797608,5463.6450964931455,6075.802657255605,6540.998245221009,0.033478360668590064,0.032026635043586354,0.030886917446630628,0.027145524710884432,0.028935812070198352
"Egypt, Arab Rep.",EGY,262588632526.73,318678815489.749,383817841547.099,424671765455.704,476747720364.742,105682094.0,107553158.0,109315124.0,110957008.0,112618250.0,2484.7031563050787,2962.988920230023,3511.113810263793,3827.3541537430783,4233.307837448567,0.013195567615592691,0.015293099755586095,0.01984892512014548,0.01709988665179388,0.0187271415504822
Euro area,EMU,13867949267318.1,13587020300289.4,13266857904728.0,14917737268178.2,14452048668851.0,346105839.0,346454019.0,346922366.0,347094588.0,348627172.0,40068.52154643395,39217.38399660303,38241.57565190824,42978.881791663654,41454.16602481863,0.21279277727044643,0.2024156626163204,0.21618614850142867,0.19202142721481502,0.18338331744659017
Spain,ESP,1431642809327.06,1403496387686.27,1289783836971.21,1461244901852.69,1446498147749.03,46797754.0,47134837.0,47365655.0,47415794.0,47759127.0,30592.12647955413,29776.201150038345,27230.359993358266,30817.682855900082,30287.365758361328,0.16246627788971793,0.15368616852424224,0.15393786863951464,0.13768751532738296,0.1339840634150319
Estonia,EST,31222632740.7247,31873748770.0313,31820771493.8974,37204563051.4723,38376046174.971,1321977.0,1326898.0,1329522.0,1330932.0,1348840.0,23618.136125458084,24021.250141330605,23933.99394210656,27953.767023012668,28451.14778251757,0.12542935416929488,0.12398270278943084,0.13530294922202957,0.12489208690465434,0.12586107418968626
Ethiopia,ETH,84269196625.8784,95912607722.3032,107657734392.446,111261882958.426,126772703047.701,112664152.0,115737383.0,118917671.0,122138588.0,125384287.0,747.9681436370142,828.7089722972499,905.3131758058564,910.947840320751,1011.0732858232947,0.0039722508455894276,0.004277278559889858,0.005117889766011738,0.004069940797077053,0.004472746435783868
European Union,EUU,16091487781135.5,15808398315797.0,15504700009593.0,17496551469916.3,16995332000257.8,446953938.0,447303223.0,447653554.0,446564156.0,447847220.0,36002.56405199298,35341.57033292157,34635.48959022226,39180.375842606365,37948.950537770004,0.19119960751740167,0.1824111311825199,0.19580032904836236,0.17505042882640598,0.16787708234357787
Fragile and conflict affected situations,FCS,1734689832167.02,1842632114099.19,1675406927630.4,1786326958459.63,1964841634349.73,953648681.0,974824119.0,996691242.0,1018693078.0,1038158122.0,1819.0030214774868,1890.2200696361617,1680.9688467498343,1753.5477535262391,1892.6227062256032,0.009660219290970488,0.009756136409282483,0.009502803546527019,0.007834516122444868,0.008372510264338695
Finland,FIN,273869255596.078,267014821129.411,270000311606.226,294223210496.119,280241515774.32,5515525.0,5521606.0,5529543.0,5541017.0,5556106.0,49654.24970353285,48358.18077737003,48828.68468627986,53099.13514001473,50438.475395235444,0.2636999142943262,0.2495947512924123,0.2760368812939011,0.23723678440223292,0.22312775365903545
Fiji,FJI,5581425324.91185,5444407214.31758,4432466237.09588,4305031630.81808,4969503560.7735,917180.0,914899.0,914963.0,916711.0,919422.0,6085.419792092992,5950.828686355084,4844.421290364616,4696.1710188031775,5405.030074082957,0.03231797252402636,0.030714464069533758,0.027386339674264643,0.020981594305935335,0.023910560528234828
France,FRA,2781576320884.39,2722793515171.76,2647926055110.05,2966433692008.09,2796302210398.84,67158348.0,67382061.0,67601110.0,67842811.0,68065015.0,41418.17664848442,40408.284857475046,39169.860600070766,43725.099952124474,41082.81193207465,0.21996042025896362,0.2085623496795023,0.22143390161395216,0.19535538729502103,0.18174053574320265
Faroe Islands,FRO,3188600927.46688,3266432734.22819,3271813311.5831,3664686796.62669,3566698397.6602,50998.0,51795.0,52571.0,53315.0,53952.0,62524.03873616377,63064.634312736554,62236.086655819745,68736.50561055406,66108.73364583704,0.3320477855269746,0.3255002868925225,0.3518312109938245,0.3071015661384153,0.2924492288883202
"Micronesia, Fed. Sts.",FSM,392000000.0,394000000.0,372000000.0,390000000.0,430000000.0,109909.0,110282.0,110916.0,111624.0,112114.0,3566.586903711252,3572.6591828222195,3353.889429838797,3493.8722855299934,3835.3818434807426,0.018941151390814537,0.01843983718689347,0.018960108886107614,0.015609953419120526,0.01696681211029126
Gabon,GAB,16867326401.9626,16874405465.391,15342236163.9864,19444935097.2395,20440655695.1804,2212318.0,2267706.0,2322539.0,2376722.0,2430747.0,7624.27752337711,7441.17864722808,6605.803460775643,8181.4091413465685,8409.207414502785,0.04049041807045279,0.03840672051597203,0.037343733452343604,0.03655297193549648,0.03720032268517289
United Kingdom,GBR,2871340347581.79,2851407164907.81,2696778386607.65,3143323050707.26,3114042471144.39,66460344.0,66836327.0,67081234.0,67026292.0,67791000.0,43203.81410577396,42662.535374031104,40201.68124229274,46896.86624328345,45935.92764739258,0.2294434443155025,0.22019738408290362,0.22726695966094998,0.20952623271097415,0.20320955912903924
Georgia,GEO,17902544880.6471,17638337116.9126,16010869215.68,18853115588.8106,24984568959.605,3726549.0,3720161.0,3722716.0,3708610.0,3712502.0,4804.0546040444115,4741.283271587601,4300.857012912078,5083.606954845778,6729.846599302842,0.025512998281426877,0.024471545454261022,0.024313478119733944,0.02271258399882302,0.02977123202883703
Ghana,GHA,67298914624.3723,68337969247.7067,70043099675.68,79524421861.2743,74263364041.8742,30637585.0,31258945.0,31887809.0,32518665.0,33149152.0,2196.6129061534157,2186.1892411182366,2196.5478931362136,2445.5008181078256,2240.2794509456594,0.011665600397728973,0.011283744573170641,0.012417459817515396,0.01092603012857225,0.00991046056687949
Guinea,GIN,11857030366.7891,13442861496.4454,14088693742.9464,17069115737.8259,19910452541.9219,12704774.0,13034346.0,13371183.0,13710513.0,14055137.0,933.273615633706,1031.3414648073176,1053.6609769641475,1244.9655047791355,1416.596120117641,0.004956356684979859,0.005323141033597301,0.005956525183730631,0.0055622678649417815,0.006266682480926304
"Gambia, The",GMB,1670671327.81651,1813609692.49994,1812170891.19069,2014158842.14596,2204734527.88096,2399632.0,2456844.0,2515733.0,2576010.0,2636470.0,696.2198069606131,738.1867519874847,720.3351433521324,781.8909251695296,836.2448758684757,0.003697429817622711,0.003810059348963173,0.004072177404221347,0.003493339173065384,0.003699347357335818
Guinea-Bissau,GNB,1554133593.91699,1588638853.59328,1646400349.84867,1853796455.89489,1796608530.82267,1922168.0,1967696.0,2013255.0,2058841.0,2105529.0,808.5316132185064,807.3599039654906,817.7803357491574,900.4077808314921,853.2813040441001,0.0042938865934531245,0.004167087992028716,0.004623051694183883,0.004022849826309891,0.0037747124416174825
Equatorial Guinea,GNQ,13097012133.6159,11364133549.7478,9893816007.7398,12215878032.7166,13687643435.6249,1616422.0,1670177.0,1716468.0,1758786.0,1803545.0,8102.470848340285,6804.149230738898,5764.055029129468,6945.630697945401,7589.299649093813,0.04302996986232965,0.035118772205704446,0.032585186024771166,0.031031750104424518,0.03357324679777236
Greece,GRC,213298873494.394,207305649887.019,191362985554.861,218303801895.326,218880566444.349,10732882.0,10721582.0,10698599.0,10569207.0,10436882.0,19873.401523877186,19335.36020029684,17886.733165236026,20654.700196081503,20971.834925828327,0.10554210988732918,0.09979706313932929,0.10111675281016276,0.09228125174524615,0.0927743826600716
Grenada,GRD,1166514814.81481,1213485185.18519,1043411111.11111,1122800000.0,1224577777.77778,115691.0,115981.0,116341.0,116688.0,116913.0,10083.021279224919,10462.792915953389,8968.558901084827,9622.240504593447,10474.265289384244,0.05354812252797571,0.054002407735393394,0.050700792877423836,0.04299033101076673,0.046335644900755306
Guatemala,GTM,73328365862.4329,77172317258.6478,77719464220.73,86478835636.3813,95630524813.106,16845685.0,17103803.0,17357325.0,17598650.0,17847877.0,4352.946517902532,4511.997551576558,4477.617617964173,4913.947128693468,5358.089637949993,0.02311728866214272,0.02328811565311683,0.025312735963103895,0.021954576330854722,0.02370290726377646
Guam,GUM,6051000000.0,6355000000.0,5916000000.0,6234000000.0,6910000000.0,162679.0,161808.0,162158.0,163730.0,165180.0,37195.95030704639,39274.943142489865,36482.936395367484,38074.8793745801,41833.15171328248,0.19753735010855034,0.20271274700765368,0.2062442608832078,0.17011128195422015,0.18505985950447817
Guyana,GUY,4787636997.85343,5173760191.84652,5471256594.72422,8041363893.04556,14718387016.7866,791556.0,807665.0,807481.0,815482.0,821637.0,6048.386971804181,6405.824434445619,6775.709390963032,9860.872334454421,17913.491014628846,0.03212130151208794,0.0330628681814789,0.038304240649774716,0.04405649240535366,0.0792450005470034
High income,HIC,56793957781697.4,57351008372783.0,55946257620087.0,62737887026890.0,64961263426035.5,1379152141.0,1383372477.0,1389524835.0,1387107942.0,1393036569.0,41180.34268541037,41457.38716528116,40262.8698752887,45229.275334139784,46632.84860688786,0.21869735020849732,0.21397716110102086,0.2276128694377822,0.20207575533614566,0.20629257079724622
"Hong Kong SAR, China",HKG,361731070995.726,363074545072.389,344943149590.058,368954169748.818,358681066274.469,7452600.0,7507900.0,7481000.0,7413100.0,7346100.0,48537.56688883423,48359.00119505973,46109.22999466087,49770.56423747393,48826.05277282762,0.2577695223482564,0.2495989857765456,0.2606633401731938,0.22236536596026774,0.21599478156050025
Honduras,HND,24067750760.499,24882225741.8119,23352232483.755,28144331506.6149,31426041806.7985,9765210.0,9943633.0,10119640.0,10289877.0,10463872.0,2464.6424153191792,2502.3274432807307,2307.614943195114,2735.1475150397714,3003.2899682639945,0.013089030597910478,0.012915452686965185,0.013045340791777786,0.012220116196295799,0.013285836634720369
Heavily indebted poor countries (HIPC),HPC,776506227119.833,805115217775.604,813139899187.275,905796942446.21,983601535350.123,802020674.0,824649053.0,847743308.0,870930036.0,893906294.0,968.1872952814094,976.3125475578568,959.1817375776619,1040.0341072244407,1100.3407649685068,0.0051417735301797956,0.00503911610350321,0.005422417931921053,0.004646673559107332,0.004867644416747771
Croatia,HRV,61668130122.5878,61467582193.6824,57963370885.0798,69006802298.6956,71198635101.9514,3988775.0,3949390.0,3914206.0,3878981.0,3855641.0,15460.418329584345,15563.816739719907,14808.46201888194,17789.930473672237,18466.095547264747,0.08210598312949141,0.08033070942422538,0.08371476108181827,0.07948200830737906,0.08168959085356324
Haiti,HTI,16403864617.8458,15016090929.5125,14508222518.3018,20877414952.6375,20253551920.5516,10962362.0,11105163.0,11243848.0,11374586.0,11503606.0,1496.3804897015625,1352.1720419153237,1290.3253866738326,1835.443940784966,1760.6263566877726,0.007946860726765323,0.006979068258588103,0.007294429450234041,0.008200412630341514,0.007788589978628569
Hungary,HUN,160565642983.587,164020460331.659,157288955508.176,182109999477.691,177006128624.627,9775564.0,9771141.0,9750149.0,9709891.0,9644377.0,16425.20502996932,16786.21363990746,16131.954035592276,18755.10234643118,18353.29836490496,0.08722969704567857,0.0866399593872783,0.09119668714755867,0.08379421171493062,0.08119060309229983
IBRD only,IBD,30653934094282.1,31298751631398.9,30114868724300.2,35763964842420.9,37711987599830.9,4807550491.0,4845715724.0,4879367453.0,4905899020.0,4928694202.0,6376.206376130206,6459.056497347036,6171.879657430711,7289.992047659574,7651.517025448214,0.03386225922146683,0.03333761887075377,0.03489068819494843,0.03257029078052376,0.0338484815925542
IDA & IBRD total,IBT,33059072280457.1,33801024892359.5,32566020356731.5,38431269006646.3,40596809224874.0,6518627024.5,6594857152.0,6667541078.5,6733337540.0,6795222291.5,5071.477806017417,5125.361188772494,4884.2624249804985,5707.610643063989,5974.316583528944,0.02693320855268546,0.026453915979281515,0.02761156840236243,0.025500513181806336,0.02642894791099611
IDA total,IDA,2405084337108.54,2501780139643.8,2450267402830.47,2668547717370.14,2885452928535.09,1711076533.5,1749141428.0,1788173625.5,1827438520.0,1866528089.5,1405.597172318733,1430.2903696611775,1370.262578470443,1460.2667548947913,1545.8931182268125,0.007464735769563454,0.007382266316738171,0.007746328027160666,0.006524192689527633,0.006838661481419274
IDA blend,IDB,1066719614873.96,1092770923537.26,1024076691136.99,1114246944908.41,1208339576445.76,574487740.0,585824310.0,597524859.0,609556583.0,621500917.0,1856.8187632236677,1865.356054509346,1713.8645793764206,1827.9631062706608,1944.228147366933,0.009861048181085302,0.009627803879564729,0.00968876873277895,0.00816698969190496,0.008600800395398765
Indonesia,IDN,1042271532953.49,1119099871385.79,1059054842711.55,1186509691070.97,1319076267291.51,269951846.0,272489381.0,274814866.0,276758053.0,278830529.0,3860.953530777078,4106.948561734192,3853.7028877890107,4287.173139894036,4730.7454891049965,0.020504450701383823,0.021197505538017983,0.021785639597158367,0.01915426997449592,0.020927686767794808
IDA only,IDX,1338364722234.58,1409009216106.54,1426190711693.48,1554300772461.73,1677113352089.33,1136588793.5,1163317118.0,1190648766.5,1217881937.0,1245027172.5,1177.5276422647396,1211.1995897807635,1197.8265562613171,1276.2327161945009,1347.0495978989006,0.006253521907961065,0.006251456434404823,0.0067715177880737325,0.005701963787932742,0.0059590252974791695
India,IND,2702929641648.74,2835606256558.19,2674851578587.27,3167270623260.47,3353470496886.33,1374659064.0,1389030312.0,1402617695.0,1414203896.0,1425423212.0,1966.2545517167887,2041.42863698585,1907.0425163766881,2239.6138436748233,2352.613924520776,0.010442231226215773,0.010536580672367518,0.01078083655330181,0.010006166487931104,0.01040740141512832
Ireland,IRL,395461216460.418,407124824064.995,436555518400.451,531306516907.984,548570250341.987,4867316.0,4934340.0,4985382.0,5033164.0,5165700.0,81248.31353880004,82508.46598835812,87567.11489720366,105561.13746899247,106194.75585922276,0.43148720290130044,0.42585721209594884,0.49503183334612144,0.4716269812107318,0.4697802052810732
"Iran, Islamic Rep.",IRN,398880231367.268,333519146339.191,262186179355.944,383436202446.695,394362621793.035,86117998.0,87051648.0,87723443.0,88455488.0,89524246.0,4631.787090165148,3831.2789476333746,2988.7812241471643,4334.792686313539,4405.092915197912,0.02459813341252067,0.01977467102141087,0.01689608993737994,0.019367025004073463,0.019487077655013525
Iraq,IRQ,227367469034.031,233636097800.338,180898797516.874,209691945713.103,286640340965.517,40265624.0,41192171.0,42116605.0,43071211.0,44070551.0,5646.6893207474195,5671.856863294192,4295.189451212271,4868.494310807815,6504.124283935479,0.02998799697544999,0.029274585611015348,0.024281438426954852,0.021751501830134908,0.02877269048324159
Iceland,ISL,26260850582.0687,24681343649.2952,21629953194.0659,25825287184.3818,28770206626.5564,352721.0,360563.0,366463.0,372520.0,382003.0,74452.18907314478,68452.23622306006,59023.56634657769,69325.90782879255,75314.08556099402,0.3953948754605062,0.35330772582535763,0.33367028585414593,0.3097349025685801,0.33317150446019245
Israel,ISR,375149611117.199,399651065197.871,411728563086.632,489708278893.053,525000415276.678,8882800.0,9054000.0,9215100.0,9371400.0,9557500.0,42233.26103449351,44140.82893725105,44679.77157997548,52255.615905099876,54930.72616025927,0.2242891068067728,0.22782741292844125,0.2525823679892359,0.23346810172322202,0.24300039679938568
Italy,ITA,2099435266458.67,2019606796583.53,1907481094079.23,2179207773596.09,2102995942720.44,60421760.0,59729081.0,59438851.0,59133173.0,59013667.0,34746.34413924172,33812.78872486804,32091.48666213669,36852.54254149511,35635.744220409826,0.18452817284050707,0.1745205145565715,0.18141864666672303,0.1646501146682964,0.15764401075888
Jamaica,JAM,15730792835.5811,15830766570.7266,13812421803.4084,14657586127.0331,17097760723.9201,2820097.0,2823271.0,2830739.0,2837682.0,2839144.0,5578.103460831702,5607.243006685012,4879.440246313206,5165.337809886062,6022.15341099997,0.029623756543068824,0.0289410892054194,0.027584307804029432,0.0230777418339756,0.026640566596377573
Jordan,JOR,43370860704.2254,44503006338.0282,43700383098.5916,46296100140.8451,48764963380.2817,10462306.0,10671891.0,10865228.0,11066356.0,11256263.0,4145.4398967326515,4170.114400346499,4022.0401356135003,4183.499983268666,4332.251598979315,0.022015278692307058,0.021523528178348433,0.02273727876568439,0.01869107813075349,0.01916484509080405
Japan,JPN,5040880939324.86,5117993853016.51,5055587093501.59,5034620784584.98,4256410760723.75,126811000.0,126633000.0,126261000.0,125681593.0,125124989.0,39751.13309827113,40415.95676495471,40040.7655055923,40058.5373276179,34017.27180750242,0.21110721546902442,0.20860194727826517,0.22635727556039953,0.17897388645600174,0.15048427583387744
Kazakhstan,KAZ,179339977690.485,181667184854.501,171082365861.423,197112255360.612,225496328925.494,18932727.0,19209555.0,19482117.0,19743603.0,20034609.0,9472.485273277589,9457.126146571381,8781.507977876481,9983.601035769003,11255.339643788106,0.05030573555398713,0.04881178345731035,0.049643362110707225,0.0446048207797605,0.04979093106420818
Kenya,KEN,92202979985.2863,100378436207.371,100657505750.545,109703658904.994,114448978152.637,50207107.0,51202827.0,52217334.0,53219166.0,54252461.0,1836.4527552899294,1960.4080885489195,1927.6645902784887,2061.3562208959456,2109.5628851313677,0.00975288997551962,0.010118403162138393,0.010897416653753808,0.009209745508347604,0.009332201738324147
Kyrgyz Republic,KGZ,8271106235.41552,9371275264.36735,8270468614.24051,9249133946.26531,12134931017.9465,6444078.5,6590211.0,6726595.5,6851224.0,6975219.5,1283.5204033308285,1421.999275041019,1229.5177574213449,1349.997306505423,1739.7203081489408,0.006816419991726853,0.0073394728603592505,0.006950673552536291,0.0060315298752516245,0.007696106619212892
Cambodia,KHM,33145892168.8958,36685356407.7206,34818073901.4851,36790163687.4421,39994532959.6074,16274522.0,16481304.0,16725474.0,16974305.0,17201724.0,2036.67377566578,2225.8770548568605,2081.7391424293924,2167.4032419849946,2325.0305004084125,0.010816208145228625,0.011488588300544004,0.01176842637141758,0.009683543324682334,0.01028537894295428
Kiribati,KIR,233514703.710292,216985362.338171,223123620.597516,289339292.157301,270841698.369345,122084.0,123921.0,126099.0,128377.0,130469.0,1912.7379813103437,1750.9975092048242,1769.4321176021697,2253.8250010305665,2075.908440850662,0.010158019600548983,0.009037556434052853,0.010002901502309099,0.010069659222131402,0.009183322524704886
St. Kitts and Nevis,KNA,1076548148.14815,1107855555.55556,883922222.222222,858622222.222222,981429629.62963,47008.0,46952.0,46870.0,46763.0,46709.0,22901.38164031973,23595.492323129154,18859.019036104586,18361.14496978855,21011.574420981608,0.12162287038533771,0.12178520662566861,0.10661325064222693,0.08203408547220006,0.09295018068361639
"Korea, Rep.",KOR,1725373496825.43,1651422932447.77,1644312831906.17,1818432106880.04,1673916511799.71,51585058.0,51764822.0,51836239.0,51769539.0,51672569.0,33447.15628361666,31902.416904819456,31721.29891418569,35125.52249847232,32394.68337252034,0.17762854736582825,0.16466036738734227,0.1793259121993881,0.15693411928485784,0.1433063326114921
Kuwait,KWT,138646316321.596,140856394870.02,111045470461.207,148459291453.471,183940215065.171,4323515.0,4442316.0,4400267.0,4360865.0,4589643.0,32067.96236895119,31707.873746491692,25236.07555205332,34043.542153556926,40077.238047745974,0.17030403195649232,0.16365625700854197,0.14266383860721585,0.15210003795495852,0.17729211734454417
Latin America & Caribbean (excluding high income),LAC,4870399736155.19,4803447002170.21,4047055896231.79,4693445308215.29,5393055179435.19,572668977.0,578311232.0,583125825.0,586944219.0,590730587.0,8504.738220096024,8305.989467917181,6940.278963346873,7996.407761220816,9129.466626780899,0.04516630002719458,0.04287033428793374,0.039234580506532536,0.03572642113734733,0.04038657720275141
Lao PDR,LAO,18141641089.7963,18740561512.5555,18981805250.2424,18827148530.9347,15468785203.7532,7128045.0,7237636.0,7346533.0,7453194.0,7559007.0,2545.1075420814964,2589.320810352372,2583.777306961311,2526.0510501852896,2046.4044025562089,0.013516358513599343,0.013364458159654449,0.014606533728154231,0.011285913166036462,0.009052803714670963
Lebanon,LBN,54901519155.5556,51605959131.2741,31712128253.7961,23131941556.7843,20992421948.8081,5984119.0,5794594.0,5702398.0,5718122.0,5744489.0,9174.536662047596,8905.880054974361,5561.19166950397,4045.3739106623298,3654.3584553487876,0.04872341332145781,0.045966595137127315,0.03143836485849142,0.018073957245058638,0.0161660079298095
Liberia,LBR,3422754800.0,3319596500.0,3176126300.0,3513049500.0,4001047000.0,4944726.0,5043721.0,5149463.0,5259323.0,5373294.0,692.2031271297944,658.1641807705065,616.787867006715,667.9661051431905,744.617175237387,0.0036760983478399895,0.003397032774356632,0.0034868069931093294,0.0029843448571431922,0.0032940083209245653
Libya,LBY,76686029772.1483,69254496471.6938,46854285440.642,35217995647.2862,43246297921.8499,6849055.0,6951033.0,7045399.0,7135175.0,7223805.0,11196.585481084368,9963.194890844828,6650.33810585348,4935.827873498015,5986.636948512577,0.059461952388356706,0.051423794503493124,0.037595495395467804,0.02205233531551745,0.026483450259481393
St. Lucia,LCA,2060962962.96296,2095370370.37037,1499296296.2963,1867185185.18518,2342703703.7037,177017.0,177661.0,178250.0,178522.0,178781.0,11642.740318517204,11794.2056521711,8411.199418212062,10459.132124809155,13103.762165463333,0.06183135668094975,0.06087432941279696,0.0475499446741543,0.04672940277435806,0.057967910281806076
Latin America & Caribbean,LCN,5743189791995.49,5659312361702.85,4805510770575.42,5581050600056.69,6344871239270.21,635680745.0,640853375.0,645497618.0,649234475.0,653104771.0,9034.707810750962,8830.900456290567,7444.660733938479,8596.355885224195,9714.93628741262,0.04798082117027336,0.045579597239674474,0.04208593666798007,0.038406874658321086,0.04297655497643753
Least developed countries: UN classification,LDC,1100496566937.02,1161448671597.72,1172274838994.17,1279711995341.63,1435846906574.13,1033110314.0,1058013514.0,1083636132.0,1109175268.0,1134585604.0,1065.2265803795083,1097.7635504925317,1081.7974819929407,1153.7509285156816,1265.525405497856,0.005657122192506491,0.005665970389259964,0.006115585644780498,0.0051547385764459525,0.005598381765398293
Low income,LIC,420211435774.79,447114593744.199,442702142538.41,474823152496.384,547199942824.132,642186195.0,660718366.0,679560744.0,698215206.0,716865783.0,654.3451713015879,676.7098006538522,651.4533784464895,680.0527235959166,763.3227248400166,0.0034750452704727535,0.0034927536908166126,0.003682777040792841,0.0030383455576905847,0.003376757199257765
Liechtenstein,LIE,6692620691.84146,6436467007.11932,6405870210.32293,7710380085.92257,7361504432.19331,38246.0,38563.0,38901.0,39182.0,39493.0,174988.7750834456,166907.8393050157,164671.0935534544,196783.72941459267,186400.2337678401,0.9293167305414061,0.8614741078015169,0.930913773242064,0.8791920822419653,0.8245900597952264
Sri Lanka,LKA,94493871200.7869,89014978344.1404,84304298770.5329,88609324901.9774,74144870023.4244,21670000.0,21803000.0,21919000.0,22156000.0,22181000.0,4360.584734692519,4082.6940487153324,3846.1744956673615,3999.3376467763765,3342.7198964620347,0.023157853107782463,0.021072318877822245,0.021743080312676934,0.017868276019151703,0.014787393468268725
Lower middle income,LMC,5994118980886.44,6298712117939.29,6102312002456.38,6911861585177.34,7371395678679.62,2886705487.5,2926690682.0,2966396716.5,3004162907.0,3041203716.5,2076.4567105449964,2152.161879175754,2057.146290822622,2300.761243364004,2423.8414673394736,0.011027484251114073,0.011108116565568971,0.011629398787462117,0.010279361379685329,0.010722495031722649
Low & middle income,LMY,29791620278516.9,30495388425380.4,29521428086822.8,34778125922181.4,36465232446694.9,6287535114.5,6364581440.0,6438169877.5,6505838578.0,6568731933.5,4738.203403399362,4791.420883347264,4585.375758722017,5345.679193422711,5551.335145939686,0.025163280864086816,0.024730324517831682,0.02592191110881865,0.023883472658254943,0.024557779179800166
Lesotho,LSO,2556247291.99785,2390702295.82777,2053699870.07191,2412130056.55851,2354683088.71995,2183603.0,2209405.0,2235727.0,2261542.0,2286110.0,1170.6556970281915,1082.0570677751568,918.5825774219795,1066.5864514382265,1029.995533338269,0.006217026917487286,0.005584903327089661,0.005192903956180577,0.004765304356822016,0.004556453933861721
Late-demographic dividend,LTE,22641256363718.2,23070237789791.1,22553187301005.7,26910414198858.4,28079439418908.5,2298520431.5,2309008599.0,2316785459.5,2320366261.0,2324072105.5,9850.361151213547,9991.404016330864,9734.68959265354,11597.485556983109,12082.000103377817,0.05231252927699279,0.05156939240537198,0.055031860325234695,0.051815348280816624,0.053447879255874214
Lithuania,LTU,54261795148.5372,55122066225.796,57412038533.2718,67037321008.9679,71033884499.7824,2801543.0,2794137.0,2794885.0,2800839.0,2831639.0,19368.53910453532,19727.760745373616,20541.824988603035,23934.728489916022,25085.784063499053,0.10286092595028937,0.10182238987579904,0.11612643966083276,0.10693579109180598,0.1109735098653064
Luxembourg,LUX,71000359760.4611,69890505323.5842,73699366700.2134,85584105993.8746,81641807865.7591,607950.0,620001.0,630419.0,640064.0,653103.0,116786.51165467736,112726.43967281375,116905.37039685257,133711.79443598547,125006.0218154856,0.6202206920444234,0.5818235347550899,0.6608859947424096,0.597398734744002,0.5529967474825075
Latvia,LVA,33247935477.3576,33099503950.847,33379927434.6149,38185125732.9451,38018905782.397,1927174.0,1913822.0,1900449.0,1884490.0,1879383.0,17252.171042862556,17294.975160096918,17564.23215493544,20262.84338624514,20229.46136173255,0.09162148361029868,0.08926586886231508,0.09929359960279159,0.09053051043342314,0.08949029953831669
"Macao SAR, China",MAC,55190661339.7796,55082293844.1008,25343525935.8358,30969334705.0515,24999113475.8368,658900.0,672000.0,685400.0,682500.0,677300.0,83761.81717981424,81967.69917276905,36976.25610714298,45376.31458615604,36909.956409031154,0.44483572188348863,0.4230661112589358,0.20903308133975346,0.2027326986034374,0.1632808207755225
Morocco,MAR,127341147581.818,128920266409.458,121353645057.144,142022058447.231,130951926351.241,35839760.0,36210898.0,36584208.0,36954442.0,37329064.0,3553.0692053132607,3560.261510483888,3317.104611288674,3843.166092109603,3508.0420540745677,0.018869362653087356,0.018375848139039568,0.018752158033923567,0.01717053136951573,0.015518739159610419
Monaco,MCO,7184333936.01355,7383496254.23721,6730736282.78961,8623242743.29564,8800430486.17137,38154.0,38109.0,38050.0,38527.0,38931.0,188298.3156684371,193746.78564741166,176891.88653849173,223823.36396022636,226052.00190520074,1.0,1.0,1.0,1.0,1.0
Moldova,MDA,11252353420.8798,11736797054.6965,11530746234.4492,13691869264.0794,14510490660.2516,2707203.0,2664224.0,2635130.0,2595809.0,2528654.0,4156.449819566468,4405.334181621553,4375.778893052411,5274.605821953541,5738.424735156174,0.022073749331275507,0.02273758590059172,0.024737024284605842,0.023565930422218315,0.02538541878325277
Madagascar,MDG,13760033282.2925,14104664678.5063,13051441203.9474,14554754116.5427,15134700203.0497,27494926.0,28219554.0,28953556.0,29691083.0,30437261.0,500.45718552915906,499.81883762253295,450.771615201511,490.2062385714492,497.2425147929605,0.0026577889650929395,0.0025797529282995373,0.002548288810880102,0.0021901477571329834,0.0021996819784922263
Maldives,MDV,5404344162.69888,5726094799.37709,3712604583.36665,5252457369.55218,6177118113.94637,473099.0,487731.0,502118.0,516154.0,524106.0,11423.28384270286,11740.272402978466,7393.88865439329,10176.14388254703,11786.009154534331,0.06066588435563819,0.06059595963746152,0.04179891344414136,0.045465065409147104,0.052138486079309404
Middle East & North Africa,MEA,3608662545371.1,3598454815841.46,3207935509914.13,3807870128264.03,4475708600082.35,466691130.0,474057593.0,482334398.0,488100624.0,498070255.0,7732.442965802886,7590.754517967313,6650.853688262411,7801.403934005276,8986.098959236884,0.04106485466082696,0.03917873781803678,0.03759841007074784,0.03485518131785202,0.03975235292543606
Mexico,MEX,1256300182879.73,1304106203694.81,1121064767261.88,1316569466932.59,1464312692331.58,124573711.0,125762982.0,126799054.0,127648148.0,128613117.0,10084.793756202142,10369.55535687608,8841.27075003162,10314.050674143664,11385.4070757929,0.05355753566038176,0.05352117364025343,0.04998121125305403,0.04608120658921238,0.05036631828001944
Marshall Islands,MHL,220000000.0,232900000.0,241800000.0,258900000.0,253400000.0,45285.0,44007.0,42706.0,41367.0,40077.0,4858.120790548747,5292.339855023065,5661.96787336674,6258.611937051272,6322.828555031564,0.025800128765374155,0.027315755651576495,0.03200806992430766,0.027962281623840818,0.02797068153231027
Middle income,MIC,29369986143573.0,30047537869971.5,29078432184056.6,34301140512398.2,35917683987563.7,5645348919.5,5703863074.0,5758609133.5,5807623372.0,5851866150.5,5202.5103430053805,5267.92762731939,5049.558237057001,5906.226749787624,6137.817076437197,0.027629085924306195,0.02718975496659945,0.028546013815948623,0.026387891975554287,0.027152234993305695
North Macedonia,MKD,12683068114.2388,12606338448.547,12361036913.8409,14000283827.0154,13932436550.0883,1889051.0,1876262.0,1856124.0,1837114.0,1831712.0,6713.98925398986,6718.858266354593,6659.596510707744,7620.802969775093,7606.2375253797,0.03565613016853592,0.034678553473304306,0.03764783473694602,0.03404829073666017,0.03364817591206081
Mali,MLI,17070867589.9055,17280250810.0321,17465392764.3706,19309463508.0377,18780322203.7584,20442030.0,21068405.0,21713836.0,22388630.0,23072640.0,835.0867105617936,820.1973908339098,804.3439567458556,862.4674001061119,813.965034073188,0.00443491333205681,0.004233347088021056,0.004547093552370646,0.00385333945860707,0.0036007866650724905
Malta,MLT,16153779511.1559,16337793530.7788,16385919535.6742,19718565605.433,19209979975.2323,484630.0,504062.0,515332.0,518536.0,531511.0,33332.1905601302,32412.26978184985,31796.82134172572,38027.38017308923,36142.205853185165,0.17701799637349278,0.16729190976533168,0.17975285336112193,0.1698990646027764,0.15988447591073357
Myanmar,MMR,67860515989.517,75065106227.6892,79006113643.1906,66345291160.1683,62253049891.6449,52272247.0,52640713.0,53016522.0,53387102.0,53756787.0,1298.2131032078455,1425.9895421190286,1490.2168354836742,1242.7213441959875,1158.0500503433157,0.006894448835611407,0.00736006812889326,0.008424449897872522,0.005552241384491122,0.005122936495067919
Middle East & North Africa (excluding high income),MNA,1490670888640.86,1480176106051.1,1328872852321.83,1552753180082.25,1741921040109.65,404775501.0,411833977.0,418461302.0,424980589.0,432229148.0,3682.7102553345,3594.10876400589,3175.6170665497525,3653.7037697085266,4030.0869299764345,0.019557850224317233,0.01855054653937122,0.01795230481562385,0.016324049934115875,0.017828140852592534
Montenegro,MNE,5506942238.35668,5542054181.12616,4769996866.00758,5861427505.12493,6229801580.79157,622227.0,622028.0,621306.0,619211.0,617213.0,8850.374924837206,8909.653875912594,7677.371321068169,9465.961530277935,10093.438700726605,0.047001880465151295,0.045986073245760824,0.04340148930119286,0.0422921064306765,0.044650959140629436
Mongolia,MNG,13178094720.4986,14206359017.5143,13312981429.0891,15286441737.6686,17146471713.748,3208189.0,3267673.0,3327204.0,3383741.0,3433748.0,4107.642885284688,4347.546103148724,4001.2519307770426,4517.615780187845,4993.514874634947,0.021814549273598303,0.022439319902114747,0.022619759498728444,0.020183843635692252,0.022090115692623122
Northern Mariana Islands,MNP,1301000000.0,1179000000.0,866000000.0,914000000.0,1096000000.0,49077.0,48129.0,47528.0,46979.0,46078.0,26509.362837989283,24496.6652122421,18220.83824272008,19455.50139423998,23785.754590042972,0.140783855362084,0.12643649870311724,0.10300550578816525,0.08692346075942832,0.1052224903543123
Mozambique,MOZ,15017358952.8452,15512759046.672,14235420174.1884,16168055475.4449,18883528581.3734,29018644.0,29884380.0,30783688.0,31707800.0,32656246.0,517.5072602581016,519.0925509136212,462.4338764799202,509.90782947555175,578.251663751351,0.002748337171370923,0.002679231808564231,0.0026142175626539797,0.002278170698775499,0.002558047081546537
Mauritania,MRT,7473550557.07378,7894764885.82312,8260752385.23089,9222536364.01272,9557966698.25369,4337685.0,4467708.0,4600131.0,4734874.0,4875637.0,1722.9352885407263,1767.0727106209986,1795.764595667143,1947.7891838331327,1960.3524007742353,0.009150030272042033,0.009120526592047777,0.010151763491291524,0.008702349698306102,0.0086721302366362
Mauritius,MUS,14735695930.9727,14436346979.6355,11408106446.3144,11484348857.8529,12927979286.0453,1265577.0,1265985.0,1266014.0,1266334.0,1262523.0,11643.4605962124,11403.252787067382,9011.042884450251,9068.973002267096,10239.797046109496,0.061835181875522734,0.058856474696924725,0.05094096208018815,0.040518437583123186,0.04529841346153506
Malawi,MWI,9879231591.52434,11051865579.8121,11769313597.8545,12378129750.9872,12429060150.742,18528081.0,19025752.0,19533888.0,20047258.0,20568728.0,533.2031736867051,580.8898160667762,602.507478176106,617.4475208024559,604.2697511845166,0.0028316938034941837,0.0029981907267556084,0.003406077519813212,0.002758637480366781,0.0026731448785750136
Malaysia,MYS,358788845712.53,365177721021.516,337456163961.211,373784823672.946,407605841348.235,32910967.0,33440596.0,33889558.0,34282399.0,34695493.0,10901.801995442129,10920.191763972029,9957.526266976129,10903.111642593798,11748.09193079444,0.05789643925779155,0.056363215149515006,0.05629159404554922,0.04871301838056233,0.05197074934873273
North America,NAC,22389071169783.0,23291130648672.5,23016676877000.2,25695929788464.2,28176204349422.0,363974650.0,366012555.0,369619953.0,370353489.0,372275216.0,61512.72120127871,63634.78610364199,62271.196915065346,69382.17284747708,75686.48982913222,0.32667695928620344,0.3284430546344505,0.35202969527669725,0.30998628391541094,0.3348189318883927
Namibia,NAM,13682019076.4022,12541928303.48,10583748541.5258,12402486183.6396,12567271004.6761,2577327.0,2650494.0,2728762.0,2810548.0,2889662.0,5308.6081340870605,4731.921031883113,3878.589829939658,4412.8355693052035,4349.045322489655,0.028192541793282216,0.02442322341540394,0.021926329725109668,0.019715705685173102,0.019239136507685124
New Caledonia,NCL,9896402283.68587,9475655324.59495,9454629467.91408,10071349663.8484,9623318718.31459,283541.0,283606.0,284176.0,285214.0,287123.0,34902.89687800307,33411.33588356717,33270.33059763696,35311.55435514526,33516.36308590601,0.18535958090810237,0.1724484655160705,0.1880828524625256,0.15776527405521507,0.14826837543319674
Niger,NER,12837307496.8821,12889555561.2299,13744653103.058,14915002436.069,15433852712.2963,22188069.0,22947757.0,23717613.0,24502140.0,25311973.0,578.5680356808922,561.6913043496975,579.5124957582367,608.7224395938069,609.7451475748769,0.0030726139722867035,0.0028990999900864746,0.0032760829628674607,0.0027196554855728893,0.0026973667228595713
Nigeria,NGA,421739251509.08,474517490844.461,432198898467.795,440833635873.827,477403400101.174,204938755.0,209485641.0,213996181.0,218529286.0,223150896.0,2057.879445540108,2265.1552086305574,2019.657063262241,2017.2748648152678,2139.3747847697373,0.010928825561900942,0.011691317618826356,0.011417465791020116,0.009012798436778654,0.009464082453323839
Nicaragua,NIC,13025234820.8225,12699028889.666,12681569254.2815,14144060853.1362,15649897116.8965,6400080.0,6483657.0,6565267.0,6644741.0,6730654.0,2035.167501159751,1958.6213289299542,1931.615158116418,2128.609806331985,2325.1673785187145,0.010808208740132079,0.01010918102401107,0.010919749887432502,0.009510221670648474,0.010285984458982222
Netherlands,NLD,929733599796.862,928903005576.469,932560861701.17,1054472123449.6,1046540797548.64,17231624.0,17344874.0,17441500.0,17533044.0,17700982.0,53955.07700242659,53554.9007491475,53467.927741373736,60141.98809114949,59123.31855648687,0.2865404122755551,0.27641697677817945,0.30226331341510737,0.2687029049471206,0.2615474229743003
Norway,NOR,439788625883.8,408742840909.091,367633418886.627,503367986030.268,593726965415.619,5311916.0,5347896.0,5379475.0,5408320.0,5457127.0,82792.84271133052,76430.58894733386,68340.01810337012,93072.89251195714,108798.45116590086,0.43968976789529723,0.3944870037040273,0.3863377763711018,0.4158318902243659,0.48129833068909333
Nepal,NPL,33111525237.149,34186180699.0255,33433659301.2466,36924841394.2605,41182939600.67,28079689.0,28414064.0,28966574.0,29475010.0,29715436.0,1179.1984319038932,1203.142947064014,1154.215175783184,1252.7507673198584,1385.9106627501612,0.006262395007187802,0.006209873072441794,0.006524975217176093,0.005597050929600332,0.006130937355429259
Nauru,NRU,130937589.753517,124871111.377973,124530027.301054,175513984.500084,156803087.302496,11477.0,11587.0,11643.0,11709.0,11801.0,11408.694759389824,10776.828461031588,10695.699330160096,14989.664745075072,13287.271189093804,0.06058840579051536,0.05562326324548012,0.06046461225248287,0.06697095638209936,0.05877971031933651
New Zealand,NZL,211846555690.736,212846907683.439,212697530897.56,253644079784.977,246733522841.353,4900600.0,4979200.0,5090200.0,5111300.0,5117200.0,43228.697647377056,42747.209929996585,41785.69229058976,49624.18167295541,48216.50958363031,0.22957559388632984,0.22063442129971492,0.23622164423859643,0.22171135664717148,0.21329830825320817
OECD members,OED,53631765536033.4,54179480252802.3,53000805354035.6,59169601457959.2,60691333186116.5,1355260023.0,1362497757.0,1370013876.0,1371769252.0,1378506989.0,39573.04474850093,39764.82161122728,38686.32740332595,43133.786073489864,44026.85925455,0.21016143775912824,0.20524119395504672,0.21870040599577073,0.19271350993167444,0.1947642970798087
Oman,OMN,91505851755.5267,88060858257.4772,75909492847.8544,87323797139.1417,111943823146.944,4597877.0,4591241.0,4522497.0,4500424.0,4730226.0,19901.76156420163,19180.18641528014,16784.86306300577,19403.46001602109,23665.639474085172,0.10569272217625895,0.09899615289713776,0.09488769322019401,0.08669094983072949,0.1046911298047686
Other small states,OSS,197102680977.388,198507093590.896,181482110538.085,212298327078.213,228425738381.928,13634874.0,13761088.0,13884095.0,14040798.0,14217718.0,14455.775753951815,14425.247014690698,13071.223622287589,15120.10407657834,16066.272968835647,0.0767706057414029,0.07445412302706458,0.07389385617436607,0.06755373437808396,0.071073349642678
Pakistan,PAK,356128166704.921,320909472770.669,300425609817.981,348516647445.148,374890295666.694,226928892.0,230800899.0,235001746.0,239477801.0,243700667.0,1569.3381462635487,1390.4169098174484,1278.3973520689544,1455.319223701858,1538.3228133171008,0.008334318555599294,0.007176464400022543,0.0072269982365232716,0.006502088066018299,0.006805172262806264
Panama,PAN,67316471200.0,69778991200.0,57059846500.0,67396392500.0,76276116700.0,4167860.0,4234700.0,4293261.0,4345405.0,4400773.0,16151.327347847577,16477.90662856873,13290.560834759406,15509.80691097838,17332.436074298766,0.08577520882495547,0.08504867099346824,0.07513380684007447,0.06929485213945086,0.0766745524402277
Peru,PER,222597009739.235,228346006003.648,201409694755.934,226354278280.885,246488757636.211,31897584.0,32449303.0,32838579.0,33155882.0,33475438.0,6978.491215486257,7037.008036926032,6133.325524101819,6826.9720069846135,7363.272069396404,0.03706082654384573,0.03632064404790832,0.03467273510459851,0.030501605758180693,0.032573354835779486
Philippines,PHL,346841896583.515,376823402244.928,361751145451.597,394087359848.11,404353369604.631,109465287.0,110804683.0,112081264.0,113100950.0,113964338.0,3168.510366062577,3400.7894977230158,3227.579102351995,3484.3859388281885,3548.0693057211543,0.016827077580671573,0.017552753127537877,0.018246055065107087,0.01556757023564067,0.01569581014906962
Palau,PLW,288546281.25,281941562.5,258990843.75,235752906.25,255591062.5,17814.0,17798.0,17792.0,17783.0,17759.0,16197.725454698551,15841.193532981233,14556.58968918615,13257.20667210257,14392.19902584605,0.08602161626989871,0.08176235533429539,0.0822908838502247,0.05923066492047894,0.06366764684473662
Papua New Guinea,PNG,24109780708.0268,24750626040.5917,23848447849.7467,26109413522.3081,31647277767.3976,9394513.0,9609010.0,9815746.0,10012896.0,10203169.0,2566.3683373504086,2575.7727425189173,2429.611345866804,2607.578618843949,3101.7106320004696,0.013629268685915217,0.013294531488158024,0.013735007260144292,0.01165016275649989,0.01372122611549015
Poland,POL,594616687350.017,602683770144.88,605914237903.742,689170230665.35,695607470875.276,37974750.0,37965475.0,37899070.0,36981559.0,36821749.0,15658.212031679392,15874.522053125373,15987.575365404533,18635.510489575357,18891.21211692785,0.0831564104867033,0.08193437635664562,0.09038048990407274,0.08325989816186886,0.08357020489847396
Pre-demographic dividend,PRE,1355249022128.48,1428927764664.17,1311363780282.47,1439355516489.74,1647527579588.04,946317177.0,972302503.0,998624261.0,1024960313.0,1051201551.0,1432.1297922805009,1469.632918001621,1313.1703599603113,1404.303657647806,1567.280392633325,0.007605643137043509,0.007585327999588696,0.007423575979978963,0.006274160269958914,0.006933273668996721
Puerto Rico,PRI,100958100000.0,105126400000.0,103130900000.0,106426600000.0,113567200000.0,3193354.0,3193694.0,3281557.0,3262693.0,3220113.0,31615.06679184331,32916.86680063901,31427.42911367988,32619.250416756957,35268.0791015719,0.1678988294696822,0.16989632468299357,0.17766461610347098,0.1457365747686351,0.15601754819389854
Portugal,PRT,242092894542.888,240115970063.019,229618773422.577,256055879091.139,256898675068.927,10283822.0,10286263.0,10297081.0,10361831.0,10434332.0,23541.140107528892,23343.36289700341,22299.404406217353,24711.451006211064,24620.519556875035,0.12502044972606677,0.12048387186915514,0.12606233582886797,0.11040603880210788,0.1089152909479657
Paraguay,PRY,40225448340.6322,37925338329.1494,35432178068.1814,39950899938.7482,41952910858.0846,6427382.0,6515058.0,6603739.0,6684182.0,6760464.0,6258.449916409543,5821.181995486364,5365.472207211914,5976.931797899609,6205.625953793202,0.03323688740492858,0.030045308757173345,0.03033192936208742,0.02670378861324645,0.02745220525140782
West Bank and Gaza,PSE,16276600000.0,17133500000.0,15531700000.0,18109000000.0,19165500000.0,4569087.0,4685306.0,4803269.0,4922749.0,5043612.0,3562.3309427025574,3656.858271370109,3233.5686383585844,3678.63565662194,3799.9552701516295,0.01891854916522592,0.018874420337610193,0.01827991493354874,0.016435440838408796,0.016810093421535874
Pacific island small states,PSS,10792829234.1568,10712120523.0197,9516738321.20753,9552334875.22912,10339409999.0409,2542009.0,2568656.0,2595522.0,2625493.0,2656049.0,4245.787184135383,4170.3211808119495,3666.5989813253477,3638.3014067183267,3892.77833317115,0.02254819523511579,0.021524595450069923,0.020727909307064203,0.016255235120873516,0.017220720455303293
Post-demographic dividend,PST,50598120095740.8,51134888557957.7,50140842033868.0,55828871385191.0,57066750903167.4,1110512190.0,1113651656.0,1117765361.0,1117015201.0,1117561802.0,45562.867793230434,45916.41226631257,44858.11046158193,49980.40432682617,51063.61974884982,0.24197172253765287,0.236991866021835,0.2535905480991113,0.22330289136261813,0.22589324278695985
French Polynesia,PYF,6135116253.33452,6022276196.13871,5792545870.80614,6150640646.38319,5814661208.90544,279815.0,279034.0,279209.0,279792.0,280378.0,21925.616043938033,21582.58920468011,20746.272042828634,21982.903894261417,20738.649997166114,0.11644085060508719,0.11139585687866321,0.11728221372275455,0.09821541194496479,0.0917428282978147
Qatar,QAT,183334953818.681,176371267689.082,144411363345.27,179732009554.846,235709325708.341,2580734.0,2638657.0,2794148.0,2504910.0,2657333.0,71039.84905793506,66841.30134726946,51683.50543538495,71751.88312348389,88701.46335003592,0.37727288640767637,0.3449930852990253,0.2921756698215698,0.32057369639138417,0.39239406243893643
Romania,ROU,243468683030.34,251677082534.495,252033792712.145,286578196368.297,296354358293.475,19473970.0,19371648.0,19265250.0,19122059.0,19048502.0,12502.262406193498,12992.03261046737,13082.30065595541,14986.785490427417,15557.882624758366,0.06639603950684275,0.0670567646686578,0.07395647653465835,0.0669580924227847,0.0688243523332426
Russian Federation,RUS,1657328773461.31,1693115002708.32,1493075894362.14,1843392293734.38,2266029240645.34,145398106.0,145453291.0,145245148.0,144746762.0,144236933.0,11398.558200347603,11640.266033639075,10279.695500479918,12735.292094025426,15710.464674434945,0.06053457334381376,0.0600797891678188,0.05811287166211014,0.05689885036438153,0.06949933883365222
Rwanda,RWA,9637904655.17446,10349300380.33,10174387374.3478,11069280649.6459,13316160895.0447,12487996.0,12776103.0,13065837.0,13355260.0,13651030.0,771.7735219625679,810.0514202437159,778.7015385503278,828.8330328010013,975.4693158717474,0.004098674591022557,0.004180979919418538,0.004402132589506201,0.0037030675356496106,0.004315242986792168
South Asia,SAS,3534066859804.7,3658209765835.5,3493120726808.9,4079874340683.11,4327392880815.64,1852836645.0,1874070006.0,1895144142.0,1914263569.0,1932289074.0,1907.38178097978,1952.0134008459768,1843.195274382934,2131.3022964828256,2239.5163016978486,0.010129574309832759,0.010075075022913313,0.0104198972064321,0.00952225120189669,0.009907084577101126
Saudi Arabia,SAU,846583733333.333,838564800000.0,734271200000.0,874156000000.0,1108571466666.67,30196281.0,30063799.0,31552510.0,30784383.0,32175224.0,28036.026467409447,27892.8421521179,23271.40376470842,28396.086418233557,34454.19577084125,0.14889154142396238,0.14396544468551048,0.13155721395760317,0.1268682854006232,0.1524171229648755
Sudan,SDN,32333780383.2924,32338079165.2893,27034593750.0,34229513774.9936,51666875363.0963,44230596.0,45548175.0,46789231.0,48066924.0,49383346.0,731.02746305504,709.9752990166851,577.7952142449188,712.1219942219227,1046.2408797309176,0.003882283601210014,0.00366444943406043,0.003266374877624421,0.0031816249278983563,0.004628319461509033
Senegal,SEN,23116701556.1381,23403995992.1354,24530513037.7518,27520784129.7508,27619479059.6131,15914498.0,16352922.0,16789219.0,17220867.0,17651103.0,1452.5561256244525,1431.1812893215904,1461.0872035055233,1598.1067695227425,1564.7452207158442,0.007714121714089939,0.007386864688047588,0.00825977512081986,0.007140035522863144,0.006922058674676326
Singapore,SGP,376892697588.005,376901649222.451,349488382610.662,434111559282.849,498474540987.78,5638676.0,5703569.0,5685807.0,5453566.0,5637022.0,66840.63733897904,66081.71992351649,61466.80367635799,79601.41296224324,88428.70242262316,0.35497204051827314,0.34107260000573486,0.34748232312499416,0.3556438950510479,0.3911874333221231
Solomon Islands,SLB,1615478393.28614,1619155017.3924,1536145814.17007,1522794913.0914,1566360686.10632,709101.0,728147.0,744498.0,762591.0,781066.0,2278.206339133833,2223.665025595656,2063.3310152210884,1996.8697677934829,2005.4139933197962,0.0120989204340276,0.01147717118591259,0.011664362089168556,0.00892163236429745,0.008871471946356861
Sierra Leone,SLE,6390514688.52816,6523577590.38319,6688594757.62129,7165214367.64956,7119137321.90082,7554563.0,7731991.0,7912558.0,8094602.0,8276807.0,845.914540460932,843.7125173041704,845.313836261458,885.1842706595778,860.1308840354523,0.0044924169260783554,0.004354717496266457,0.0047787032678715735,0.003954834093266849,0.0038050133455405748
El Salvador,SLV,26020850000.0,26881140000.0,24921190000.0,29043140000.0,31988920000.0,6219807.0,6222318.0,6234673.0,6255782.0,6280319.0,4183.546209713581,4320.116715346275,3997.192795837087,4642.607431013421,5093.518338797759,0.02221765072545912,0.022297746519563944,0.02259681251670803,0.02074228243588733,0.022532507103979655
San Marino,SMR,1655353653.05934,1616232125.12587,1544714493.24409,1855395999.76534,1831700577.08904,34522.0,34663.0,34770.0,34252.0,33755.0,47950.68805571346,46627.01223569426,44426.64634006586,54168.98282626825,54264.57049589809,0.25465277204150283,0.2406595396144946,0.2511514078425446,0.24201665933273228,0.24005348343986346
Somalia,SOM,7873440838.36559,8655023960.002,8628393719.99922,9483997404.25227,10202767269.9603,15452487.0,16030971.0,16651191.0,17271431.0,17801897.0,509.52580243980077,539.8939315654679,518.1847784941762,549.1147435468589,573.1280924701621,0.002705949868064637,0.002786595554405682,0.002929386918949609,0.002453339695334206,0.0025353816274120604
Serbia,SRB,52787520248.9242,53864693664.5568,55874017668.998,66159884072.5308,66797564758.339,6982604.0,6945235.0,6899126.0,6834326.0,6664449.0,7559.861657473945,7755.632986437004,8098.7095566884855,9680.52798074467,10022.968854340246,0.04014832331684602,0.04002973758001344,0.04578338619802217,0.04325074831090873,0.044339217391861765
Sub-Saharan Africa (excluding high income),SSA,1781016674647.24,1834336253943.3,1721810881901.34,1933570427279.37,2073339118621.98,1109900238.0,1139217993.0,1168916989.0,1198912667.0,1229088695.0,1604.6637469477143,1610.171420408122,1472.996712430655,1612.7700378024033,1686.8913749320427,0.008521922998893244,0.008310700046081683,0.008327101605703834,0.0072055482022377,0.007462404051787487
Sub-Saharan Africa,SSF,1782800988574.01,1836204944040.04,1723193433652.91,1935057601074.18,2075397087141.81,1109997000.0,1139315618.0,1169015451.0,1199011925.0,1229208573.0,1606.1313576289035,1611.6736354965337,1474.0553105426063,1613.876860377498,1688.4010840215724,0.008529717071166166,0.008318453542912054,0.008333086041353579,0.0072104932739027435,0.007469082643778735
Small states,SST,244622967831.528,247266169547.517,222762059252.071,258942107761.124,287505638394.077,19225348.0,19408893.0,19572194.0,19777900.0,20005272.0,12723.98126845496,12739.838874247851,11381.557900563985,13092.497573611152,14371.493593992474,0.06757352673754041,0.06575509798357292,0.06434188771053304,0.05849477615722772,0.0635760509655625
Sao Tome and Principe,STP,383717327.830508,412976082.620705,471229484.607144,524402455.54816,540809499.189348,210187.0,213392.0,217435.0,221961.0,226305.0,1825.5997175396576,1935.2931816595983,2167.2200179692504,2362.5882724810217,2389.7372978473654,0.009695252509609505,0.009988775685711371,0.01225166433790994,0.01055559272579272,0.010571626341312155
Suriname,SUR,3996198866.57453,4016040575.08796,2911807496.20227,3107923197.96954,3791603200.0259,599513.0,605768.0,612317.0,617896.0,623164.0,6665.741804722383,6629.667752486034,4755.39221710694,5029.848385439524,6084.43876736445,0.035399901380210305,0.034218207699976896,0.02688304314099881,0.02247240098818876,0.02691610211846775
Slovak Republic,SVK,106611673364.837,105843498304.094,107732602896.441,120592216208.386,115928615553.286,5446771.0,5454147.0,5458827.0,5447247.0,5431752.0,19573.37170313145,19406.058968358204,19735.485828080098,22138.194983334884,21342.76667146917,0.10394873492972181,0.10016196606055774,0.1115680668812679,0.0989092228426558,0.09441529600087183
Slovenia,SVN,53689067639.9176,53909922735.545,53384760135.1581,61529280461.092,59927702746.2843,2073894.0,2088385.0,2102419.0,2108079.0,2112076.0,25888.048106565526,25814.168716757205,25392.065109361214,29187.369382784993,28373.838226599943,0.13748422557400988,0.13323662960651583,0.14354567417559816,0.13040358641009264,0.12551907520155056
Sweden,SWE,551312498430.164,532169294165.94,545147614972.141,637186904843.636,579895717343.956,10175214.0,10278887.0,10353442.0,10415811.0,10486941.0,54181.90697809048,51773.04645589936,52653.756593424776,61174.96802156222,55296.93714725353,0.28774504320843775,0.26722015688104406,0.2976606650750333,0.2733180617928389,0.24462042663282124
Eswatini,SWZ,4659474399.74018,4594818143.27624,4105756862.55271,4737671576.32851,4695372785.0814,1168929.0,1179874.0,1192729.0,1206593.0,1218917.0,3986.105571630253,3894.3295159281756,3442.3216527414947,3926.4868736421563,3852.085732729464,0.02116909839304745,0.020100098708296696,0.019460031322535782,0.017542792692276293,0.01704070612188124
Sint Maarten (Dutch part),SXM,1259200446.92737,1407880446.92737,1236428100.55866,1353071061.45251,1537088715.0838,39712.0,40385.0,41008.0,41571.0,42139.0,31708.311012474063,34861.46952896794,30150.8998380477,32548.436685490127,36476.63008338594,0.1683940235998036,0.17993315043899757,0.17044817842160812,0.14542019255538496,0.16136388873336818
Seychelles,SYC,1784313926.76807,1868690096.73454,1382551751.56908,1487173794.80528,2057968519.83091,96762.0,97625.0,98462.0,99258.0,119878.0,18440.2340460932,19141.511874361484,14041.475407457498,14982.911148776722,17167.190976083268,0.09793095589109502,0.09879653905172905,0.07937885497310283,0.06694078260497953,0.07594354764123107
Syrian Arab Republic,SYR,21497782867.6426,22583045060.0821,12047752036.091,14353205678.4991,23622827079.5047,19577845.0,20353534.0,21049429.0,21628839.0,22462173.0,1098.0668642357011,1109.5392603604907,572.3552898318999,663.614245706813,1051.6714958746288,0.005831527809145247,0.005726749254976936,0.0032356220572465613,0.0029649015811626257,0.004652343208690837
Turks and Caicos Islands,TCA,1128749004.5304,1177285211.72521,774653669.315186,1045782453.5755,1228794382.95121,41559.0,43166.0,44386.0,45243.0,45847.0,27160.157956890205,27273.43769923574,17452.65780460474,23114.790212309086,26802.067375209066,0.14424004729131434,0.14076846543853924,0.09866285077358275,0.10327246362187911,0.11856593681682602
Chad,TCD,11239167898.3395,11314951091.7283,10715396042.3343,11779981332.8631,12396807588.4082,16156531.0,16685223.0,17224679.0,17828273.0,18455316.0,695.6423936759383,678.1420357239637,622.095543396443,660.7471925555044,671.7201476478755,0.00369436333621195,0.0035001459944634865,0.0035168121928592514,0.0029520921358009784,0.00297152930293258
East Asia & Pacific (IDA & IBRD countries),TEA,16628455562440.2,17201604143343.6,17474730731538.4,20824108313726.3,21098845523342.9,2074796982.0,2086281644.0,2095759417.0,2102350702.0,2107261123.0,8014.4976625188665,8245.101610712154,8338.13776036985,9905.154403552173,10012.449474370575,0.0425627687325207,0.042556069166055366,0.04713691466315764,0.04425433622431092,0.044292682170403816
Europe & Central Asia (IDA & IBRD countries),TEC,4091548485168.69,4175889218401.02,3916846154218.45,4642906015416.13,5237811052696.8,460515553.5,462573906.0,463913014.5,463790894.0,461440170.5,8884.712913759795,9027.507095052222,8443.06159084582,10010.774414678634,11351.007969291655,0.04718423997697536,0.04659435801676137,0.04773006696951365,0.04472622624176786,0.05021414485880961
Togo,TGO,7029300383.08031,6992700101.37188,7400284167.78479,8342243645.94438,8169476148.95692,8258778.0,8463068.0,8669720.0,8878379.0,9089738.0,851.1308068918077,826.2606540998937,853.5782202637213,939.6133737864062,898.7581544107123,0.004520119066760594,0.004264641869225932,0.0048254232399629155,0.004198012920373122,0.003975891152636746
Thailand,THA,506754208404.485,543976691793.886,500461898480.246,506256494297.34,495645210972.751,71376079.0,71522271.0,71641484.0,71727332.0,71735329.0,7099.77650081458,7605.696577977592,6985.643938925748,7058.069499885204,6909.359974814515,0.03770493897203063,0.03925585940723038,0.03949103644957549,0.0315341051756305,0.03056535627458008
Tajikistan,TJK,7764999999.45362,8300813599.3084,8133963550.65742,8937805347.13963,10713525200.3998,9307333.0,9529966.0,9749310.0,9966908.0,10182222.0,834.2884045788004,871.0223729348457,834.3117154606244,896.7480533721822,1052.1794948489435,0.004430673750942347,0.004495673928340509,0.004716506402791277,0.004006498863682235,0.004654590474674032
Turkmenistan,TKM,40765428571.4286,45232857142.8571,45818000000.0,50007428571.4286,58972000000.0,6655524.0,6803944.0,6949912.0,7092043.0,7230193.0,6125.051697120857,6648.034896062799,6592.601460277483,7051.202110792136,8156.3521195077365,0.03252844655236366,0.03431300743312029,0.03726910029218854,0.031503422994058575,0.03608175132608761
Latin America & the Caribbean (IDA & IBRD countries),TLA,5506624568680.82,5413333286802.23,4561922258737.73,5313451270078.42,6049066571917.19,620274430.0,625467307.0,630051021.0,633862610.0,637837815.0,8877.722992193665,8654.86209465818,7240.560060512513,8382.654515745013,9483.706405706269,0.04714711844701734,0.04467099707351353,0.04093212075578698,0.03745209779455651,0.04195364927439768
Timor-Leste,TLS,1555988600.0,2032550400.0,2162619200.0,3624889700.0,3208594000.0,1275959.0,1300945.0,1326053.0,1350139.0,1369295.0,1219.4659859760384,1562.3645888181284,1630.8693543923207,2684.8270437340157,2343.2452466415198,0.006476244790863243,0.00806395101522553,0.009219582572756626,0.011995293950684755,0.010365956624547853
Middle East & North Africa (IDA & IBRD countries),TMN,1474394288640.86,1463042606051.1,1313341152321.83,1534644180082.25,1722755540109.65,400206414.0,407148671.0,413658033.0,420057840.0,427185536.0,3684.0846050030077,3593.386667473858,3174.9441508412096,3653.411587514353,4032.8040041825057,0.019565149013282122,0.01854681952769658,0.01794850070837105,0.01632274451993121,0.017840160539138863
Tonga,TON,489714518.002333,494197841.113077,496856295.76752,518228012.09129,518180042.241509,105567.0,105669.0,105704.0,105490.0,105042.0,4638.897742687895,4676.847903482355,4700.449328005752,4912.579506031757,4933.074791431132,0.024635896111021214,0.024138970294936786,0.02657244161949131,0.021948466054262,0.021822743217730547
South Asia (IDA & IBRD),TSA,3534066859804.7,3658209765835.5,3493120726808.9,4079874340683.1,4327392880815.64,1852836645.0,1874070006.0,1895144142.0,1914263569.0,1932289074.0,1907.38178097978,1952.0134008459768,1843.195274382934,2131.3022964828206,2239.5163016978486,0.010129574309832759,0.010075075022913313,0.0104198972064321,0.009522251201896667,0.009907084577101126
Sub-Saharan Africa (IDA & IBRD countries),TSS,1782800988574.01,1836204944040.04,1723193433652.91,1935057601074.18,2075397087141.81,1109997000.0,1139315618.0,1169015451.0,1199011925.0,1229208573.0,1606.1313576289035,1611.6736354965337,1474.0553105426063,1613.876860377498,1688.4010840215724,0.008529717071166166,0.008318453542912054,0.008333086041353579,0.0072104932739027435,0.007469082643778735
Trinidad and Tobago,TTO,24569257295.0918,23775659262.5735,20807716174.0546,24496397204.7176,30053446092.0128,1359193.0,1363985.0,1366725.0,1367558.0,1365805.0,18076.35655502331,17431.02692666965,15224.508349561616,17912.51062457139,22004.199788412545,0.09599850370861975,0.0899680831783777,0.08606674193758886,0.08002967298692938,0.09734131793993327
Tunisia,TUN,42686504459.801,41905642418.825,42491780918.361,46812290143.344,44579761022.8993,11765514.0,11875081.0,11974057.0,12048622.0,12119334.0,3628.103664642361,3528.8721330679764,3548.653636638025,3885.28166485296,3678.400234113467,0.01926784980398266,0.018213835761332127,0.020061144160310806,0.017358695696948683,0.01627236300988865
Turkiye,TUR,778972108040.602,761005915750.925,720338490327.248,819865223976.115,907118434653.505,81407204.0,82579440.0,83384680.0,84147318.0,84979913.0,9568.835063302286,9215.440498881138,8638.739038481026,9743.212778048553,10674.504157864989,0.05081742249968639,0.04756435296765013,0.048836264949897706,0.04353081200128836,0.04722145377125016
Tuvalu,TUV,48015259.8751356,54123198.5662913,51746594.3148543,60196405.7138393,59065982.0873657,10751.0,10581.0,10399.0,10194.0,9992.0,4466.120349282448,5115.130759502061,4976.112541095711,5905.081980953433,5911.327270553013,0.023718323413718496,0.02640111288767797,0.028130812771974746,0.026382777367258105,0.026150298253195925
Tanzania,TZA,57003712892.0858,61026731925.9213,66068737786.0639,70655628147.8986,75769974505.0106,57437145.0,59174891.0,60972798.0,62830412.0,64711821.0,992.4538013176979,1031.2943698691613,1083.5772664732215,1124.545039556618,1170.8830524953178,0.005270646196672564,0.005322897958916093,0.0061256470699544196,0.005024252248109588,0.00517970662779775
Uganda,UGA,32927025619.6795,35348155095.4215,37600368241.6657,40529788748.6737,45565333210.9108,41565831.0,42999637.0,44457152.0,45910930.0,47312719.0,792.1657002281394,822.0570581891541,845.7664638901228,882.7917175425046,963.0673141171784,0.004206971779944198,0.004242945530385042,0.004781262049043068,0.0039441446233440475,0.004260379496754288
Ukraine,UKR,130891088293.55,153883047509.577,156617722013.342,199765859570.935,161989520721.19,45208907.0,44957458.0,44680014.0,44298640.0,41048766.0,2895.2500066756756,3422.859172989207,3505.3194480499046,4509.5257906548595,3946.2701685402676,0.01537586778935263,0.01766666301870043,0.01981616860243698,0.020147699109089465,0.01745735554332853
Upper middle income,UMC,23375867162686.5,23748825752032.3,22976120181600.3,27390623700501.0,28547068404946.9,2758643432.0,2777172392.0,2792212417.0,2803460465.0,2810662434.0,8473.681988592174,8551.440962197315,8228.643365996571,9770.29069696583,10156.704718296633,0.04500136901656071,0.04413720172761771,0.04651792417967127,0.04365179096629975,0.04493083287338478
Uruguay,URY,65344576348.2279,62222325807.0578,53668636567.8667,60760798595.5436,70164683290.3776,3394534.0,3397206.0,3398968.0,3396695.0,3390913.0,19249.94015326637,18315.735285719442,15789.685742221374,17888.211510171976,20691.973899176297,0.10223107989538473,0.09453439562631592,0.0892617861180735,0.07992110918925661,0.09153634440208973
United States,USA,20656516000000.0,21539982000000.0,21354105000000.0,23681171000000.0,26006893000000.0,326838199.0,328329953.0,331526933.0,332048977.0,333271411.0,63201.04584837711,65604.6815198734,64411.373177937254,71318.30735921828,78035.17536042118,0.33564318206469745,0.3386104254615273,0.3641284766552666,0.31863656276693086,0.3452089550312708
Uzbekistan,UZB,58695899092.1083,67293639798.3996,66443265418.3086,77340060003.0347,90095926567.4359,32373490.0,32964701.0,33586372.0,34243696.0,34938955.0,1813.0853081366358,2041.3848072943115,1978.2805186076246,2258.519641192782,2578.6668939421884,0.009628791960779861,0.010536354450851677,0.01118355712813968,0.01009063397686277,0.011407405695188676
St. Vincent and the Grenadines,VCT,884329629.62963,910766666.666667,869111111.111111,872225925.925926,966492592.592592,104926.0,104167.0,103526.0,102841.0,102046.0,8428.126771530697,8743.332021337535,8395.09988902412,8481.305373595414,9471.146273176724,0.044759437924932186,0.045127623625452085,0.04745893129019993,0.037892850967527016,0.041898086251625555
Virgin Islands (U.S.),VIR,3923000000.0,4121000000.0,4229000000.0,4507000000.0,4672000000.0,107001.0,106669.0,106290.0,105870.0,105413.0,36663.20875505837,38633.529891533624,39787.37416502023,42571.07773684707,44320.90918577405,0.19470810784954842,0.1994021720795952,0.2249248111012852,0.19019943666118788,0.19606510365858593
Viet Nam,VNM,310106478394.659,334365270496.667,346615738537.796,366474752771.009,410324028883.325,96237319.0,97173776.0,98079191.0,98935098.0,99680655.0,3222.310031253666,3440.900253754336,3534.039534826465,3704.1935590037924,4116.385760941529,0.017112792644027857,0.017759779819089373,0.01997852815062525,0.01654962866013412,0.018209906243908492
Vanuatu,VUT,914736985.430944,936526267.622513,909421043.508407,950394006.532514,1022219297.50335,285259.0,291985.0,298858.0,305868.0,313046.0,3206.6893084212734,3207.446504520825,3042.987115982865,3107.2031285800213,3265.3964513309547,0.01702983532825506,0.016554837252153787,0.017202525087665396,0.013882389548627168,0.014445333037574079
World,WLD,86884839554431.6,88149850742946.0,85763013427792.9,97848299706454.8,101770911729948.0,7696494847.5,7776892015.0,7856138789.5,7921184346.0,7989981519.5,11288.884261730365,11334.843093220705,10916.687666264008,12352.73608496004,12737.315034029849,0.05995212554958944,0.05850338654829772,0.06171389700164984,0.05518966325229181,0.05634683580184124
Samoa,WSM,878448433.404342,912950466.064906,868898358.266437,843923638.733018,832945205.637185,207582.0,209780.0,211944.0,213779.0,215261.0,4231.814094691939,4351.942349437058,4099.660090714703,3947.645179054154,3869.466394921444,0.022473988042163266,0.022462010581981478,0.02317607760841318,0.017637323955847856,0.017117594015133648
Kosovo,XKX,7878759714.82322,7899737577.47286,7717145217.81247,9413403724.01899,9354903061.8898,1797086.0,1788891.0,1790152.0,1786080.0,1768096.0,4384.186240849475,4415.997161075135,4310.88824737367,5270.426702062052,5290.9474722468685,0.023283194144812842,0.02279262154630812,0.024370186398773128,0.023547258913500256,0.02340588637859411
South Africa,ZAF,405260723892.517,389330032224.269,337974655408.055,420886877628.703,406920004594.074,58613001.0,59587885.0,60562381.0,61502603.0,62378410.0,6914.178031807603,6533.711210328559,5580.603830751882,6843.399418862044,6523.410978158532,0.03671927710698354,0.03372293991095612,0.031548105116384416,0.03057500029388408,0.02885801020640485
Zambia,ZMB,26311507273.6735,23308667781.2258,18137764930.651,22096416932.0089,29163782140.4858,17973569.0,18513839.0,19059395.0,19603607.0,20152938.0,1463.8999785559283,1258.986198444623,951.644316655959,1127.1607787285727,1447.1231013803447,0.0077743657629610425,0.00649810108713637,0.005379807606093233,0.005035938870657267,0.006401726546032641
Zimbabwe,ZWE,34156069918.0609,25717409842.4479,26867936444.6826,27240515108.8049,32789751736.3323,15034452.0,15271368.0,15526888.0,15797210.0,16069056.0,2271.8533351305987,1684.0279038818198,1730.4134894695317,1724.3877310490207,2040.5524591072617,0.01206518139615739,0.008691901123699068,0.009782322543623238,0.007704234716780712,0.009026916116243937
