Country Name,Country Code,2018,2019,2020,2021,2022,Population_2018,Population_2019,Population_2020,Population_2021,Population_2022
Aruba,ABW,3276184357.5419,3395798882.68156,2481857122.8401,2929446578.25104,3279343543.60416,108908,109203,108587,107700,107310
Africa Eastern and Southern,AFE,1012306000425.25,1009721174054.91,933391782089.617,1085745178850.97,1191423176242.96,657801085,675950189,694446100,713090928,731821393
Afghanistan,AFG,18053222687.4126,18799444490.1128,19955929052.1496,14259995441.0759,14497243872.1337,36743039,37856121,39068979,40000412,40578842
Africa Western and Central,AFW,770494988148.76,826483769985.129,789801651563.294,849312422223.205,883973910898.854,452195915,463365429,474569351,485920997,497387180
Angola,AGO,79450688259.3664,70897962732.0277,48501561203.5686,66505129987.7235,104399746853.401,31297155,32375632,33451132,34532429,35635029
Albania,ALB,15379509891.7196,15585105131.0644,15241458744.8688,18032010563.7558,19017242585.7803,2866376,2854191,2837849,2811666,2777689
Andorra,AND,3218419896.9641,3155149347.80639,2891001149.3611,3324647529.381,3380612573.32922,75162,76474,77380,78364,79705
Arab World,ARB,2867348492603.59,2899029698316.63,2562783626987.73,2969239218342.03,3609805711776.49,435998060,444281315,453723239,460646603,471352066
United Arab Emirates,ARE,427049432149.345,417989721734.494,349473015336.939,415178792769.884,502731935197.487,9346701,9445785,9401038,9575152,10074977
Argentina,ARG,524819892360.176,447754683615.225,385740508436.965,486564085480.036,632790070063.124,44654882,44973465,45191965,45312281,45407904
Armenia,ARM,12457940694.7395,13619290539.2116,12641698583.2152,13878908628.9378,19513506553.1251,2969000,2962500,2961500,2962300,2969200
American Samoa,ASM,639000000.0,647000000.0,721000000.0,750000000.0,871000000.0,50908,50209,49761,49225,48342
Antigua and Barbuda,ATG,1661529629.62963,1725351851.85185,1410796296.2963,1601366666.66667,1867733333.33333,90926,91364,91846,92349,92840
Australia,AUS,1427809041019.44,1392723834562.64,1328414058378.38,1556735770437.26,1690858246994.43,24963258,25334826,25649248,25685412,26014399
Austria,AUT,452582294972.775,442983642371.842,434397601557.696,480467037338.783,471773629830.381,8840521,8879920,8916864,8955797,9041851
Azerbaijan,AZE,47112470051.7701,48174235294.1176,42693000000.0,54825411764.7059,78807470588.2353,9939771,10024283,10093121,10137750,10141756
Burundi,BDI,2667182199.51333,2576518879.82353,2649680261.44299,2775798697.46022,3338722827.65691,11859446,12255336,12617036,12965481,13321097
Belgium,BEL,542638913427.921,536726344405.489,529694473501.791,598494036474.409,593438820508.173,11427054,11488980,11538604,11586195,11680210
Benin,BEN,14262408079.7014,14391686309.033,15651545208.8783,17690083519.9323,17401746309.2655,12383347,12726755,13070169,13413417,13759501
Burkina Faso,BFA,15890066221.2882,16032813503.3707,17725010532.5268,19697516284.3787,18820218690.5948,20438288,20961952,21478690,21995243,22509038
Bangladesh,BGD,321362752441.78,351231654603.692,373979442362.193,416271647911.014,460131688909.301,163523103,164913055,166298024,167658854,169384897
Bulgaria,BGR,66289266348.6504,68631726289.2794,70716821234.5967,84417951260.8091,90642851835.8996,7025037,6975761,6934015,6877743,6643324
Bahrain,BHR,39567978723.4043,40446808510.6383,35837632978.7234,40840212765.9574,46680398936.1702,1503091,1483756,1472204,1504365,1524693
"Bahamas, The",BHS,12615800000.0,13016200000.0,9958200000.0,11368900000.0,13136400000.0,392717,394675,395863,396373,397538
Bosnia and Herzegovina,BIH,20484053868.9246,20482608755.379,20226036564.4129,23672712242.2149,24534663636.1778,3387000,3345533,3299349,3244907,3204802
Belarus,BLR,60031173807.7196,64410122847.3508,61371755326.2351,69673747131.87,73775179924.603,9438785,9419758,9379952,9302585,9228071
Belize,BLZ,2293250000.0,2388300000.0,2042850000.0,2420550000.0,2846700000.0,380226,385829,390812,395346,402733
Bermuda,BMU,7225977000.0,7423465000.0,6887147000.0,7286607000.0,7827980000.0,63831,64107,64382,64648,64749
Bolivia,BOL,40287647930.4761,40895322843.7851,36629843805.0216,40406111695.179,44008282877.9606,11508368,11671386,11816299,11937360,12077154
Brazil,BRA,1916933898038.36,1873288205186.45,1476107231194.11,1670647399034.67,1951923942083.32,206107261,207455459,208660842,209550294,210306415
Barbados,BRB,5629916200.0,5788288000.0,5168344450.0,5275242050.0,6257303500.0,280711,281207,281698,282147,282318
Brunei Darussalam,BRN,13566908401.1864,13469235348.2211,12005799664.2691,14006496614.3195,16681536442.5498,437810,442680,447404,451721,455370
Bhutan,BTN,2583335721.20625,2735683570.28851,2457604334.15915,2768802959.60794,2898227743.13545,759759,764824,770006,775442,780914
Botswana,BWA,17031943186.1353,16725908148.5481,14960291105.9316,18750946600.1423,20321958850.0363,2299141,2332083,2365894,2401441,2439892
Central African Republic,CAF,2220979146.11241,2221301351.43918,2326720900.38047,2516498412.46384,2382618615.01694,4878657,4944703,5026628,5112100,5098039
Canada,CAN,1725329192783.02,1743725183672.52,1655684730000.19,2007472181464.15,2161483369422.01,37072620,37618495,38028638,38239864,38939056
Central Europe and the Baltics,CEB,1657633874968.79,1685123570509.08,1678756939339.66,1926804401016.02,1955925827813.51,102439383,102282674,102046650,100647592,100289401
Switzerland,CHE,725568717468.001,721369112726.724,741999406005.627,813408787222.499,818426550206.45,8514329,8575280,8638167,8704546,8777088
Channel Islands,CHI,10026153344.8196,10032440928.3488,9439810775.67214,11157002972.5829,11308300346.3725,164949,165639,166235,166741,167215
Chile,CHL,295857562991.709,278285058719.466,254042159309.311,315515014838.539,302116539409.03,18893191,19197744,19370624,19456334,19553036
China,CHN,13894907857880.6,14279968506271.7,14687744162801.0,17820459508852.2,17881782683707.3,1402760000,1407745000,1411100000,1412360000,1412175000
Cote d'Ivoire,CIV,58522477786.6889,60382894697.3557,63027852805.4204,72794636653.7793,70173140101.4315,27464173,28193009,28915449,29639736,30395002
Cameroon,CMR,39955552189.795,39667757527.6578,40773241177.0505,45011937346.8384,44347206072.5513,24806383,25506095,26210558,26915758,27632771
"Congo, Dem. Rep.",COD,47568210009.8172,51775829877.2088,48716961860.1325,55328482783.5393,65801547619.5815,90047644,92947442,95989998,99148932,102396968
"Congo, Rep.",COG,14773900288.5135,13976637779.9763,11468687464.0046,14825690210.9157,15817030154.6941,5483118,5616661,5752791,5892183,6035104
Colombia,COL,334198218098.276,323031701192.84,270348342541.465,318524633225.395,345329875078.512,49024465,49907985,50629997,51188173,51737944
Comoros,COM,1188797449.38584,1195019531.9011,1225039196.61091,1296089479.91978,1242519407.77603,771590,786578,802163,818174,834188
Cabo Verde,CPV,2205099509.15987,2252177133.74705,1821565617.6945,2051842609.64558,2247003347.63376,513415,514104,514679,516649,519741
Costa Rica,CRI,62420164991.5374,64417670521.3545,62395610760.0492,64960725734.1965,69243626028.5936,4957818,4999553,5034320,5059988,5081765
Caribbean small states,CSS,36727457619.9835,38046955433.6011,31763210392.7783,37091445807.6818,48740490013.1088,3048465,3079149,3092577,3111609,3131505
Cuba,CUB,100050036096.123,103427600000.0,107351800000.0,,,11227118,11202846,11176354,11122168,11059820
Curacao,CUW,3046364804.46927,3026124134.07821,2534327597.76536,2739608156.42458,3075180834.72417,159336,157441,154947,152369,149996
Cayman Islands,CYM,5530178440.71376,5941896607.58643,5655358021.43209,6060026520.10608,6600843963.37585,65941,67327,68684,70108,71591
Cyprus,CYP,25754001367.5448,26196667099.5303,25555093854.2968,30372874319.6285,30976176886.8521,1270737,1286671,1302247,1317309,1331370
Czechia,CZE,251992360762.236,256794209028.77,251109660602.536,290972714482.313,301831228325.556,10629928,10671870,10697858,10505772,10672118
Germany,DEU,4052008447223.53,3957208055215.68,3940142541354.1,4348297440387.53,4163596357879.39,82905782,83092962,83160871,83196078,83797985
Djibouti,DJI,2913466732.12507,3088853638.56832,3185150981.03207,3385825228.86997,3674298479.07676,1071882,1088709,1105188,1121248,1137096
Dominica,DMA,554770370.37037,611537037.037037,504214814.814815,555266666.666667,607159259.259259,68174,67880,67573,67202,66826
Denmark,DNK,355293374912.393,345401473012.615,355631021931.621,408378204639.999,401945576107.963,5793636,5814422,5831404,5856733,5903037
Dominican Republic,DOM,85555390139.118,88941372558.2397,78844656298.1776,94243425938.3647,113537368176.13,10782053,10894043,11008300,11123476,11230734
Algeria,DZA,194554483655.528,193459662090.677,164873415325.201,186231205262.082,225638456572.143,42505035,43294546,44042091,44761099,45477389
East Asia & Pacific (excluding high income),EAP,16648930593614.8,17222812070662.6,17496305186280.5,20849863760041.9,21124945071215.4,2100698838,2112289891,2121866294,2128553744,2133560408
Early-demographic dividend,EAR,11610507701898.7,11834959859719.9,11006437195990.5,12811302058068.8,14147623772391.9,3314245247,3355014793,3396051187,3432026092,3470644834
East Asia & Pacific,EAS,26494505143186.8,27040135154758.5,27163485040463.8,31155716955057.3,30673443320595.9,2347576325,2359771090,2369438682,2375144416,2379648296
Europe & Central Asia (excluding high income),ECA,1468176944855.79,1498314054530.37,1437142037120.74,1670340541088.59,1817978495944.86,246654915.5,248858341,250655325.5,252183790,250834021.5
Europe & Central Asia,ECS,23306311175509.3,23031892537932.9,22286624242751.4,25523993209132.2,25662572829777.2,919738352.5,922811778,925088545.5,925075848,925385334.5
Ecuador,ECU,107478962000.0,107595829000.0,95865472000.0,107435101000.0,116586079000.0,17049547,17340021,17546065,17682454,17823897
"Egypt, Arab Rep.",EGY,262588632526.73,318678815489.749,383817841547.099,424671765455.704,476747720364.742,105682094,107553158,109315124,110957008,112618250
Euro area,EMU,13867949267318.1,13587020300289.4,13266857904728.0,14917737268178.2,14452048668851.0,346105839,346454019,346922366,347094588,348627172
Eritrea,ERI,,,,,,3192760,3240194,3291271,3350183,3409447
Spain,ESP,1431642809327.06,1403496387686.27,1289783836971.21,1461244901852.69,1446498147749.03,46797754,47134837,47365655,47415794,47759127
Estonia,EST,31222632740.7247,31873748770.0313,31820771493.8974,37204563051.4723,38376046174.971,1321977,1326898,1329522,1330932,1348840
Ethiopia,ETH,84269196625.8784,95912607722.3032,107657734392.446,111261882958.426,126772703047.701,112664152,115737383,118917671,122138588,125384287
European Union,EUU,16091487781135.5,15808398315797.0,15504700009593.0,17496551469916.3,16995332000257.8,446953938,447303223,447653554,446564156,447847220
Fragile and conflict affected situations,FCS,1734689832167.02,1842632114099.19,1675406927630.4,1786326958459.63,1964841634349.73,953648681,974824119,996691242,1018693078,1038158122
Finland,FIN,273869255596.078,267014821129.411,270000311606.226,294223210496.119,280241515774.32,5515525,5521606,5529543,5541017,5556106
Fiji,FJI,5581425324.91185,5444407214.31758,4432466237.09588,4305031630.81808,4969503560.7735,917180,914899,914963,916711,919422
France,FRA,2781576320884.39,2722793515171.76,2647926055110.05,2966433692008.09,2796302210398.84,67158348,67382061,67601110,67842811,68065015
Faroe Islands,FRO,3188600927.46688,3266432734.22819,3271813311.5831,3664686796.62669,3566698397.6602,50998,51795,52571,53315,53952
"Micronesia, Fed. Sts.",FSM,392000000.0,394000000.0,372000000.0,390000000.0,430000000.0,109909,110282,110916,111624,112114
Gabon,GAB,16867326401.9626,16874405465.391,15342236163.9864,19444935097.2395,20440655695.1804,2212318,2267706,2322539,2376722,2430747
United Kingdom,GBR,2871340347581.79,2851407164907.81,2696778386607.65,3143323050707.26,3114042471144.39,66460344,66836327,67081234,67026292,67791000
Georgia,GEO,17902544880.6471,17638337116.9126,16010869215.68,18853115588.8106,24984568959.605,3726549,3720161,3722716,3708610,3712502
Ghana,GHA,67298914624.3723,68337969247.7067,70043099675.68,79524421861.2743,74263364041.8742,30637585,31258945,31887809,32518665,33149152
Gibraltar,GIB,,,,,,34854,35494,36173,36858,37609
Guinea,GIN,11857030366.7891,13442861496.4454,14088693742.9464,17069115737.8259,19910452541.9219,12704774,13034346,13371183,13710513,14055137
"Gambia, The",GMB,1670671327.81651,1813609692.49994,1812170891.19069,2014158842.14596,2204734527.88096,2399632,2456844,2515733,2576010,2636470
Guinea-Bissau,GNB,1554133593.91699,1588638853.59328,1646400349.84867,1853796455.89489,1796608530.82267,1922168,1967696,2013255,2058841,2105529
Equatorial Guinea,GNQ,13097012133.6159,11364133549.7478,9893816007.7398,12215878032.7166,13687643435.6249,1616422,1670177,1716468,1758786,1803545
Greece,GRC,213298873494.394,207305649887.019,191362985554.861,218303801895.326,218880566444.349,10732882,10721582,10698599,10569207,10436882
Grenada,GRD,1166514814.81481,1213485185.18519,1043411111.11111,1122800000.0,1224577777.77778,115691,115981,116341,116688,116913
Greenland,GRL,3055782146.15957,2997309971.87623,3082884653.2456,3235809504.29871,,56023,56225,56367,56653,56661
Guatemala,GTM,73328365862.4329,77172317258.6478,77719464220.73,86478835636.3813,95630524813.106,16845685,17103803,17357325,17598650,17847877
Guam,GUM,6051000000.0,6355000000.0,5916000000.0,6234000000.0,6910000000.0,162679,161808,162158,163730,165180
Guyana,GUY,4787636997.85343,5173760191.84652,5471256594.72422,8041363893.04556,14718387016.7866,791556,807665,807481,815482,821637
High income,HIC,56793957781697.4,57351008372783.0,55946257620087.0,62737887026890.0,64961263426035.5,1379152141,1383372477,1389524835,1387107942,1393036569
"Hong Kong SAR, China",HKG,361731070995.726,363074545072.389,344943149590.058,368954169748.818,358681066274.469,7452600,7507900,7481000,7413100,7346100
Honduras,HND,24067750760.499,24882225741.8119,23352232483.755,28144331506.6149,31426041806.7985,9765210,9943633,10119640,10289877,10463872
Heavily indebted poor countries (HIPC),HPC,776506227119.833,805115217775.604,813139899187.275,905796942446.21,983601535350.123,802020674,824649053,847743308,870930036,893906294
Croatia,HRV,61668130122.5878,61467582193.6824,57963370885.0798,69006802298.6956,71198635101.9514,3988775,3949390,3914206,3878981,3855641
Haiti,HTI,16403864617.8458,15016090929.5125,14508222518.3018,20877414952.6375,20253551920.5516,10962362,11105163,11243848,11374586,11503606
Hungary,HUN,160565642983.587,164020460331.659,157288955508.176,182109999477.691,177006128624.627,9775564,9771141,9750149,9709891,9644377
IBRD only,IBD,30653934094282.1,31298751631398.9,30114868724300.2,35763964842420.9,37711987599830.9,4807550491,4845715724,4879367453,4905899020,4928694202
IDA & IBRD total,IBT,33059072280457.1,33801024892359.5,32566020356731.5,38431269006646.3,40596809224874.0,6518627024.5,6594857152,6667541078.5,6733337540,6795222291.5
IDA total,IDA,2405084337108.54,2501780139643.8,2450267402830.47,2668547717370.14,2885452928535.09,1711076533.5,1749141428,1788173625.5,1827438520,1866528089.5
IDA blend,IDB,1066719614873.96,1092770923537.26,1024076691136.99,1114246944908.41,1208339576445.76,574487740,585824310,597524859,609556583,621500917
Indonesia,IDN,1042271532953.49,1119099871385.79,1059054842711.55,1186509691070.97,1319076267291.51,269951846,272489381,274814866,276758053,278830529
IDA only,IDX,1338364722234.58,1409009216106.54,1426190711693.48,1554300772461.73,1677113352089.33,1136588793.5,1163317118,1190648766.5,1217881937,1245027172.5
Isle of Man,IMN,7491649455.92717,7314967866.28289,6684225641.02564,7931193222.06405,,83805,83957,84064,84106,84132
India,IND,2702929641648.74,2835606256558.19,2674851578587.27,3167270623260.47,3353470496886.33,1374659064,1389030312,1402617695,1414203896,1425423212
Not classified,INX,,,,,,,,,,
Ireland,IRL,395461216460.418,407124824064.995,436555518400.451,531306516907.984,548570250341.987,4867316,4934340,4985382,5033164,5165700
"Iran, Islamic Rep.",IRN,398880231367.268,333519146339.191,262186179355.944,383436202446.695,394362621793.035,86117998,87051648,87723443,88455488,89524246
Iraq,IRQ,227367469034.031,233636097800.338,180898797516.874,209691945713.103,286640340965.517,40265624,41192171,42116605,43071211,44070551
Iceland,ISL,26260850582.0687,24681343649.2952,21629953194.0659,25825287184.3818,28770206626.5564,352721,360563,366463,372520,382003
Israel,ISR,375149611117.199,399651065197.871,411728563086.632,489708278893.053,525000415276.678,8882800,9054000,9215100,9371400,9557500
Italy,ITA,2099435266458.67,2019606796583.53,1907481094079.23,2179207773596.09,2102995942720.44,60421760,59729081,59438851,59133173,59013667
Jamaica,JAM,15730792835.5811,15830766570.7266,13812421803.4084,14657586127.0331,17097760723.9201,2820097,2823271,2830739,2837682,2839144
Jordan,JOR,43370860704.2254,44503006338.0282,43700383098.5916,46296100140.8451,48764963380.2817,10462306,10671891,10865228,11066356,11256263
Japan,JPN,5040880939324.86,5117993853016.51,5055587093501.59,5034620784584.98,4256410760723.75,126811000,126633000,126261000,125681593,125124989
Kazakhstan,KAZ,179339977690.485,181667184854.501,171082365861.423,197112255360.612,225496328925.494,18932727,19209555,19482117,19743603,20034609
Kenya,KEN,92202979985.2863,100378436207.371,100657505750.545,109703658904.994,114448978152.637,50207107,51202827,52217334,53219166,54252461
Kyrgyz Republic,KGZ,8271106235.41552,9371275264.36735,8270468614.24051,9249133946.26531,12134931017.9465,6444078.5,6590211,6726595.5,6851224,6975219.5
Cambodia,KHM,33145892168.8958,36685356407.7206,34818073901.4851,36790163687.4421,39994532959.6074,16274522,16481304,16725474,16974305,17201724
Kiribati,KIR,233514703.710292,216985362.338171,223123620.597516,289339292.157301,270841698.369345,122084,123921,126099,128377,130469
St. Kitts and Nevis,KNA,1076548148.14815,1107855555.55556,883922222.222222,858622222.222222,981429629.62963,47008,46952,46870,46763,46709
"Korea, Rep.",KOR,1725373496825.43,1651422932447.77,1644312831906.17,1818432106880.04,1673916511799.71,51585058,51764822,51836239,51769539,51672569
Kuwait,KWT,138646316321.596,140856394870.02,111045470461.207,148459291453.471,183940215065.171,4323515,4442316,4400267,4360865,4589643
Latin America & Caribbean (excluding high income),LAC,4870399736155.19,4803447002170.21,4047055896231.79,4693445308215.29,5393055179435.19,572668977,578311232,583125825,586944219,590730587
Lao PDR,LAO,18141641089.7963,18740561512.5555,18981805250.2424,18827148530.9347,15468785203.7532,7128045,7237636,7346533,7453194,7559007
Lebanon,LBN,54901519155.5556,51605959131.2741,31712128253.7961,23131941556.7843,20992421948.8081,5984119,5794594,5702398,5718122,5744489
Liberia,LBR,3422754800.0,3319596500.0,3176126300.0,3513049500.0,4001047000.0,4944726,5043721,5149463,5259323,5373294
Libya,LBY,76686029772.1483,69254496471.6938,46854285440.642,35217995647.2862,43246297921.8499,6849055,6951033,7045399,7135175,7223805
St. Lucia,LCA,2060962962.96296,2095370370.37037,1499296296.2963,1867185185.18518,2342703703.7037,177017,177661,178250,178522,178781
Latin America & Caribbean,LCN,5743189791995.49,5659312361702.85,4805510770575.42,5581050600056.69,6344871239270.21,635680745,640853375,645497618,649234475,653104771
Least developed countries: UN classification,LDC,1100496566937.02,1161448671597.72,1172274838994.17,1279711995341.63,1435846906574.13,1033110314,1058013514,1083636132,1109175268,1134585604
Low income,LIC,420211435774.79,447114593744.199,442702142538.41,474823152496.384,547199942824.132,642186195,660718366,679560744,698215206,716865783
Liechtenstein,LIE,6692620691.84146,6436467007.11932,6405870210.32293,7710380085.92257,7361504432.19331,38246,38563,38901,39182,39493
Sri Lanka,LKA,94493871200.7869,89014978344.1404,84304298770.5329,88609324901.9774,74144870023.4244,21670000,21803000,21919000,22156000,22181000
Lower middle income,LMC,5994118980886.44,6298712117939.29,6102312002456.38,6911861585177.34,7371395678679.62,2886705487.5,2926690682,2966396716.5,3004162907,3041203716.5
Low & middle income,LMY,29791620278516.9,30495388425380.4,29521428086822.8,34778125922181.4,36465232446694.9,6287535114.5,6364581440,6438169877.5,6505838578,6568731933.5
Lesotho,LSO,2556247291.99785,2390702295.82777,2053699870.07191,2412130056.55851,2354683088.71995,2183603,2209405,2235727,2261542,2286110
Late-demographic dividend,LTE,22641256363718.2,23070237789791.1,22553187301005.7,26910414198858.4,28079439418908.5,2298520431.5,2309008599,2316785459.5,2320366261,2324072105.5
Lithuania,LTU,54261795148.5372,55122066225.796,57412038533.2718,67037321008.9679,71033884499.7824,2801543,2794137,2794885,2800839,2831639
Luxembourg,LUX,71000359760.4611,69890505323.5842,73699366700.2134,85584105993.8746,81641807865.7591,607950,620001,630419,640064,653103
Latvia,LVA,33247935477.3576,33099503950.847,33379927434.6149,38185125732.9451,38018905782.397,1927174,1913822,1900449,1884490,1879383
"Macao SAR, China",MAC,55190661339.7796,55082293844.1008,25343525935.8358,30969334705.0515,24999113475.8368,658900,672000,685400,682500,677300
St. Martin (French part),MAF,,652206037.103874,,649206262.847519,,36012,34267,31786,29961,28870
Morocco,MAR,127341147581.818,128920266409.458,121353645057.144,142022058447.231,130951926351.241,35839760,36210898,36584208,36954442,37329064
Monaco,MCO,7184333936.01355,7383496254.23721,6730736282.78961,8623242743.29564,8800430486.17137,38154,38109,38050,38527,38931
Moldova,MDA,11252353420.8798,11736797054.6965,11530746234.4492,13691869264.0794,14510490660.2516,2707203,2664224,2635130,2595809,2528654
Madagascar,MDG,13760033282.2925,14104664678.5063,13051441203.9474,14554754116.5427,15134700203.0497,27494926,28219554,28953556,29691083,30437261
Maldives,MDV,5404344162.69888,5726094799.37709,3712604583.36665,5252457369.55218,6177118113.94637,473099,487731,502118,516154,524106
Middle East & North Africa,MEA,3608662545371.1,3598454815841.46,3207935509914.13,3807870128264.03,4475708600082.35,466691130,474057593,482334398,488100624,498070255
Mexico,MEX,1256300182879.73,1304106203694.81,1121064767261.88,1316569466932.59,1464312692331.58,124573711,125762982,126799054,127648148,128613117
Marshall Islands,MHL,220000000.0,232900000.0,241800000.0,258900000.0,253400000.0,45285,44007,42706,41367,40077
Middle income,MIC,29369986143573.0,30047537869971.5,29078432184056.6,34301140512398.2,35917683987563.7,5645348919.5,5703863074,5758609133.5,5807623372,5851866150.5
North Macedonia,MKD,12683068114.2388,12606338448.547,12361036913.8409,14000283827.0154,13932436550.0883,1889051,1876262,1856124,1837114,1831712
Mali,MLI,17070867589.9055,17280250810.0321,17465392764.3706,19309463508.0377,18780322203.7584,20442030,21068405,21713836,22388630,23072640
Malta,MLT,16153779511.1559,16337793530.7788,16385919535.6742,19718565605.433,19209979975.2323,484630,504062,515332,518536,531511
Myanmar,MMR,67860515989.517,75065106227.6892,79006113643.1906,66345291160.1683,62253049891.6449,52272247,52640713,53016522,53387102,53756787
Middle East & North Africa (excluding high income),MNA,1490670888640.86,1480176106051.1,1328872852321.83,1552753180082.25,1741921040109.65,404775501,411833977,418461302,424980589,432229148
Montenegro,MNE,5506942238.35668,5542054181.12616,4769996866.00758,5861427505.12493,6229801580.79157,622227,622028,621306,619211,617213
Mongolia,MNG,13178094720.4986,14206359017.5143,13312981429.0891,15286441737.6686,17146471713.748,3208189,3267673,3327204,3383741,3433748
Northern Mariana Islands,MNP,1301000000.0,1179000000.0,866000000.0,914000000.0,1096000000.0,49077,48129,47528,46979,46078
Mozambique,MOZ,15017358952.8452,15512759046.672,14235420174.1884,16168055475.4449,18883528581.3734,29018644,29884380,30783688,31707800,32656246
Mauritania,MRT,7473550557.07378,7894764885.82312,8260752385.23089,9222536364.01272,9557966698.25369,4337685,4467708,4600131,4734874,4875637
Mauritius,MUS,14735695930.9727,14436346979.6355,11408106446.3144,11484348857.8529,12927979286.0453,1265577,1265985,1266014,1266334,1262523
Malawi,MWI,9879231591.52434,11051865579.8121,11769313597.8545,12378129750.9872,12429060150.742,18528081,19025752,19533888,20047258,20568728
Malaysia,MYS,358788845712.53,365177721021.516,337456163961.211,373784823672.946,407605841348.235,32910967,33440596,33889558,34282399,34695493
North America,NAC,22389071169783.0,23291130648672.5,23016676877000.2,25695929788464.2,28176204349422.0,363974650,366012555,369619953,370353489,372275216
Namibia,NAM,13682019076.4022,12541928303.48,10583748541.5258,12402486183.6396,12567271004.6761,2577327,2650494,2728762,2810548,2889662
New Caledonia,NCL,9896402283.68587,9475655324.59495,9454629467.91408,10071349663.8484,9623318718.31459,283541,283606,284176,285214,287123
Niger,NER,12837307496.8821,12889555561.2299,13744653103.058,14915002436.069,15433852712.2963,22188069,22947757,23717613,24502140,25311973
Nigeria,NGA,421739251509.08,474517490844.461,432198898467.795,440833635873.827,477403400101.174,204938755,209485641,213996181,218529286,223150896
Nicaragua,NIC,13025234820.8225,12699028889.666,12681569254.2815,14144060853.1362,15649897116.8965,6400080,6483657,6565267,6644741,6730654
Netherlands,NLD,929733599796.862,928903005576.469,932560861701.17,1054472123449.6,1046540797548.64,17231624,17344874,17441500,17533044,17700982
Norway,NOR,439788625883.8,408742840909.091,367633418886.627,503367986030.268,593726965415.619,5311916,5347896,5379475,5408320,5457127
Nepal,NPL,33111525237.149,34186180699.0255,33433659301.2466,36924841394.2605,41182939600.67,28079689,28414064,28966574,29475010,29715436
Nauru,NRU,130937589.753517,124871111.377973,124530027.301054,175513984.500084,156803087.302496,11477,11587,11643,11709,11801
New Zealand,NZL,211846555690.736,212846907683.439,212697530897.56,253644079784.977,246733522841.353,4900600,4979200,5090200,5111300,5117200
OECD members,OED,53631765536033.4,54179480252802.3,53000805354035.6,59169601457959.2,60691333186116.5,1355260023,1362497757,1370013876,1371769252,1378506989
Oman,OMN,91505851755.5267,88060858257.4772,75909492847.8544,87323797139.1417,111943823146.944,4597877,4591241,4522497,4500424,4730226
Other small states,OSS,197102680977.388,198507093590.896,181482110538.085,212298327078.213,228425738381.928,13634874,13761088,13884095,14040798,14217718
Pakistan,PAK,356128166704.921,320909472770.669,300425609817.981,348516647445.148,374890295666.694,226928892,230800899,235001746,239477801,243700667
Panama,PAN,67316471200.0,69778991200.0,57059846500.0,67396392500.0,76276116700.0,4167860,4234700,4293261,4345405,4400773
Peru,PER,222597009739.235,228346006003.648,201409694755.934,226354278280.885,246488757636.211,31897584,32449303,32838579,33155882,33475438
Philippines,PHL,346841896583.515,376823402244.928,361751145451.597,394087359848.11,404353369604.631,109465287,110804683,112081264,113100950,113964338
Palau,PLW,288546281.25,281941562.5,258990843.75,235752906.25,255591062.5,17814,17798,17792,17783,17759
Papua New Guinea,PNG,24109780708.0268,24750626040.5917,23848447849.7467,26109413522.3081,31647277767.3976,9394513,9609010,9815746,10012896,10203169
Poland,POL,594616687350.017,602683770144.88,605914237903.742,689170230665.35,695607470875.276,37974750,37965475,37899070,36981559,36821749
Pre-demographic dividend,PRE,1355249022128.48,1428927764664.17,1311363780282.47,1439355516489.74,1647527579588.04,946317177,972302503,998624261,1024960313,1051201551
Puerto Rico,PRI,100958100000.0,105126400000.0,103130900000.0,106426600000.0,113567200000.0,3193354,3193694,3281557,3262693,3220113
"Korea, Dem. People's Rep.",PRK,,,,,,25931147,26037632,26136312,26232534,26328845
Portugal,PRT,242092894542.888,240115970063.019,229618773422.577,256055879091.139,256898675068.927,10283822,10286263,10297081,10361831,10434332
Paraguay,PRY,40225448340.6322,37925338329.1494,35432178068.1814,39950899938.7482,41952910858.0846,6427382,6515058,6603739,6684182,6760464
West Bank and Gaza,PSE,16276600000.0,17133500000.0,15531700000.0,18109000000.0,19165500000.0,4569087,4685306,4803269,4922749,5043612
Pacific island small states,PSS,10792829234.1568,10712120523.0197,9516738321.20753,9552334875.22912,10339409999.0409,2542009,2568656,2595522,2625493,2656049
Post-demographic dividend,PST,50598120095740.8,51134888557957.7,50140842033868.0,55828871385191.0,57066750903167.4,1110512190,1113651656,1117765361,1117015201,1117561802
French Polynesia,PYF,6135116253.33452,6022276196.13871,5792545870.80614,6150640646.38319,5814661208.90544,279815,279034,279209,279792,280378
Qatar,QAT,183334953818.681,176371267689.082,144411363345.27,179732009554.846,235709325708.341,2580734,2638657,2794148,2504910,2657333
Romania,ROU,243468683030.34,251677082534.495,252033792712.145,286578196368.297,296354358293.475,19473970,19371648,19265250,19122059,19048502
Russian Federation,RUS,1657328773461.31,1693115002708.32,1493075894362.14,1843392293734.38,2266029240645.34,145398106,145453291,145245148,144746762,144236933
Rwanda,RWA,9637904655.17446,10349300380.33,10174387374.3478,11069280649.6459,13316160895.0447,12487996,12776103,13065837,13355260,13651030
South Asia,SAS,3534066859804.7,3658209765835.5,3493120726808.9,4079874340683.11,4327392880815.64,1852836645,1874070006,1895144142,1914263569,1932289074
Saudi Arabia,SAU,846583733333.333,838564800000.0,734271200000.0,874156000000.0,1108571466666.67,30196281,30063799,31552510,30784383,32175224
Sudan,SDN,32333780383.2924,32338079165.2893,27034593750.0,34229513774.9936,51666875363.0963,44230596,45548175,46789231,48066924,49383346
Senegal,SEN,23116701556.1381,23403995992.1354,24530513037.7518,27520784129.7508,27619479059.6131,15914498,16352922,16789219,17220867,17651103
Singapore,SGP,376892697588.005,376901649222.451,349488382610.662,434111559282.849,498474540987.78,5638676,5703569,5685807,5453566,5637022
Solomon Islands,SLB,1615478393.28614,1619155017.3924,1536145814.17007,1522794913.0914,1566360686.10632,709101,728147,744498,762591,781066
Sierra Leone,SLE,6390514688.52816,6523577590.38319,6688594757.62129,7165214367.64956,7119137321.90082,7554563,7731991,7912558,8094602,8276807
El Salvador,SLV,26020850000.0,26881140000.0,24921190000.0,29043140000.0,31988920000.0,6219807,6222318,6234673,6255782,6280319
San Marino,SMR,1655353653.05934,1616232125.12587,1544714493.24409,1855395999.76534,1831700577.08904,34522,34663,34770,34252,33755
Somalia,SOM,7873440838.36559,8655023960.002,8628393719.99922,9483997404.25227,10202767269.9603,15452487,16030971,16651191,17271431,17801897
Serbia,SRB,52787520248.9242,53864693664.5568,55874017668.998,66159884072.5308,66797564758.339,6982604,6945235,6899126,6834326,6664449
Sub-Saharan Africa (excluding high income),SSA,1781016674647.24,1834336253943.3,1721810881901.34,1933570427279.37,2073339118621.98,1109900238,1139217993,1168916989,1198912667,1229088695
South Sudan,SSD,,,,,,10122977,10423384,10698467,10865780,11021177
Sub-Saharan Africa,SSF,1782800988574.01,1836204944040.04,1723193433652.91,1935057601074.18,2075397087141.81,1109997000,1139315618,1169015451,1199011925,1229208573
Small states,SST,244622967831.528,247266169547.517,222762059252.071,258942107761.124,287505638394.077,19225348,19408893,19572194,19777900,20005272
Sao Tome and Principe,STP,383717327.830508,412976082.620705,471229484.607144,524402455.54816,540809499.189348,210187,213392,217435,221961,226305
Suriname,SUR,3996198866.57453,4016040575.08796,2911807496.20227,3107923197.96954,3791603200.0259,599513,605768,612317,617896,623164
Slovak Republic,SVK,106611673364.837,105843498304.094,107732602896.441,120592216208.386,115928615553.286,5446771,5454147,5458827,5447247,5431752
Slovenia,SVN,53689067639.9176,53909922735.545,53384760135.1581,61529280461.092,59927702746.2843,2073894,2088385,2102419,2108079,2112076
Sweden,SWE,551312498430.164,532169294165.94,545147614972.141,637186904843.636,579895717343.956,10175214,10278887,10353442,10415811,10486941
Eswatini,SWZ,4659474399.74018,4594818143.27624,4105756862.55271,4737671576.32851,4695372785.0814,1168929,1179874,1192729,1206593,1218917
Sint Maarten (Dutch part),SXM,1259200446.92737,1407880446.92737,1236428100.55866,1353071061.45251,1537088715.0838,39712,40385,41008,41571,42139
Seychelles,SYC,1784313926.76807,1868690096.73454,1382551751.56908,1487173794.80528,2057968519.83091,96762,97625,98462,99258,119878
Syrian Arab Republic,SYR,21497782867.6426,22583045060.0821,12047752036.091,14353205678.4991,23622827079.5047,19577845,20353534,21049429,21628839,22462173
Turks and Caicos Islands,TCA,1128749004.5304,1177285211.72521,774653669.315186,1045782453.5755,1228794382.95121,41559,43166,44386,45243,45847
Chad,TCD,11239167898.3395,11314951091.7283,10715396042.3343,11779981332.8631,12396807588.4082,16156531,16685223,17224679,17828273,18455316
East Asia & Pacific (IDA & IBRD countries),TEA,16628455562440.2,17201604143343.6,17474730731538.4,20824108313726.3,21098845523342.9,2074796982,2086281644,2095759417,2102350702,2107261123
Europe & Central Asia (IDA & IBRD countries),TEC,4091548485168.69,4175889218401.02,3916846154218.45,4642906015416.13,5237811052696.8,460515553.5,462573906,463913014.5,463790894,461440170.5
Togo,TGO,7029300383.08031,6992700101.37188,7400284167.78479,8342243645.94438,8169476148.95692,8258778,8463068,8669720,8878379,9089738
Thailand,THA,506754208404.485,543976691793.886,500461898480.246,506256494297.34,495645210972.751,71376079,71522271,71641484,71727332,71735329
Tajikistan,TJK,7764999999.45362,8300813599.3084,8133963550.65742,8937805347.13963,10713525200.3998,9307333,9529966,9749310,9966908,10182222
Turkmenistan,TKM,40765428571.4286,45232857142.8571,45818000000.0,50007428571.4286,58972000000.0,6655524,6803944,6949912,7092043,7230193
Latin America & the Caribbean (IDA & IBRD countries),TLA,5506624568680.82,5413333286802.23,4561922258737.73,5313451270078.42,6049066571917.19,620274430,625467307,630051021,633862610,637837815
Timor-Leste,TLS,1555988600.0,2032550400.0,2162619200.0,3624889700.0,3208594000.0,1275959,1300945,1326053,1350139,1369295
Middle East & North Africa (IDA & IBRD countries),TMN,1474394288640.86,1463042606051.1,1313341152321.83,1534644180082.25,1722755540109.65,400206414,407148671,413658033,420057840,427185536
Tonga,TON,489714518.002333,494197841.113077,496856295.76752,518228012.09129,518180042.241509,105567,105669,105704,105490,105042
South Asia (IDA & IBRD),TSA,3534066859804.7,3658209765835.5,3493120726808.9,4079874340683.1,4327392880815.64,1852836645,1874070006,1895144142,1914263569,1932289074
Sub-Saharan Africa (IDA & IBRD countries),TSS,1782800988574.01,1836204944040.04,1723193433652.91,1935057601074.18,2075397087141.81,1109997000,1139315618,1169015451,1199011925,1229208573
Trinidad and Tobago,TTO,24569257295.0918,23775659262.5735,20807716174.0546,24496397204.7176,30053446092.0128,1359193,1363985,1366725,1367558,1365805
Tunisia,TUN,42686504459.801,41905642418.825,42491780918.361,46812290143.344,44579761022.8993,11765514,11875081,11974057,12048622,12119334
Turkiye,TUR,778972108040.602,761005915750.925,720338490327.248,819865223976.115,907118434653.505,81407204,82579440,83384680,84147318,84979913
Tuvalu,TUV,48015259.8751356,54123198.5662913,51746594.3148543,60196405.7138393,59065982.0873657,10751,10581,10399,10194,9992
Tanzania,TZA,57003712892.0858,61026731925.9213,66068737786.0639,70655628147.8986,75769974505.0106,57437145,59174891,60972798,62830412,64711821
Uganda,UGA,32927025619.6795,35348155095.4215,37600368241.6657,40529788748.6737,45565333210.9108,41565831,42999637,44457152,45910930,47312719
Ukraine,UKR,130891088293.55,153883047509.577,156617722013.342,199765859570.935,161989520721.19,45208907,44957458,44680014,44298640,41048766
Upper middle income,UMC,23375867162686.5,23748825752032.3,22976120181600.3,27390623700501.0,28547068404946.9,2758643432,2777172392,2792212417,2803460465,2810662434
Uruguay,URY,65344576348.2279,62222325807.0578,53668636567.8667,60760798595.5436,70164683290.3776,3394534,3397206,3398968,3396695,3390913
United States,USA,20656516000000.0,21539982000000.0,21354105000000.0,23681171000000.0,26006893000000.0,326838199,328329953,331526933,332048977,333271411
Uzbekistan,UZB,58695899092.1083,67293639798.3996,66443265418.3086,77340060003.0347,90095926567.4359,32373490,32964701,33586372,34243696,34938955
St. Vincent and the Grenadines,VCT,884329629.62963,910766666.666667,869111111.111111,872225925.925926,966492592.592592,104926,104167,103526,102841,102046
"Venezuela, RB",VEN,,,,,,29807592,28938098,28444077,28237826,28213017
British Virgin Islands,VGB,,,,,,34657,36395,37135,37809,38319
Virgin Islands (U.S.),VIR,3923000000.0,4121000000.0,4229000000.0,4507000000.0,4672000000.0,107001,106669,106290,105870,105413
Viet Nam,VNM,310106478394.659,334365270496.667,346615738537.796,366474752771.009,410324028883.325,96237319,97173776,98079191,98935098,99680655
Vanuatu,VUT,914736985.430944,936526267.622513,909421043.508407,950394006.532514,1022219297.50335,285259,291985,298858,305868,313046
World,WLD,86884839554431.6,88149850742946.0,85763013427792.9,97848299706454.8,101770911729948.0,7696494847.5,7776892015,7856138789.5,7921184346,7989981519.5
Samoa,WSM,878448433.404342,912950466.064906,868898358.266437,843923638.733018,832945205.637185,207582,209780,211944,213779,215261
Kosovo,XKX,7878759714.82322,7899737577.47286,7717145217.81247,9413403724.01899,9354903061.8898,1797086,1788891,1790152,1786080,1768096
"Yemen, Rep.",YEM,21606160783.9845,,,,,34085182,35111408,36134863,37140230,38222876
South Africa,ZAF,405260723892.517,389330032224.269,337974655408.055,420886877628.703,406920004594.074,58613001,59587885,60562381,61502603,62378410
Zambia,ZMB,26311507273.6735,23308667781.2258,18137764930.651,22096416932.0089,29163782140.4858,17973569,18513839,19059395,19603607,20152938
Zimbabwe,ZWE,34156069918.0609,25717409842.4479,26867936444.6826,27240515108.8049,32789751736.3323,15034452,15271368,15526888,15797210,16069056
